LANGUAGE,ORIGINAL,ENGLISH,CZECH,GERMAN,RUSSIAN,POLISH,HUNGARIAN,ITALIAN,SPANISH,FRENCH,CHINESE,PORTUGUESE,JAPANESE,CHINESE SIMP.
"STR_SMP_00001","   — следующий, ","   - next, ","   - next, ","   - next, ","   — следующий, ","   - next, ","   - next, ","   - next, ","   - next, ","   - next, ","   - next, ","   - next, ","   - next, ","   - next, "
"STR_SMP_00002","   (пройден)","   (passed)","   (passed)","   (passed)","   (пройден)","   (passed)","   (passed)","   (passed)","   (passed)","   (passed)","   (passed)","   (passed)","   (passed)","   (passed)"
"STR_SMP_00003","   « ТЕКУЩИЙ »","   ""CURRENT""","   ""CURRENT""","   ""CURRENT""","   « ТЕКУЩИЙ »","   ""CURRENT""","   ""CURRENT""","   ""CURRENT""","   ""CURRENT""","   ""CURRENT""","   ""CURRENT""","   ""CURRENT""","   ""CURRENT""","   ""CURRENT"""
"STR_SMP_00004","   ·   Лоты рынка: ","   · Market Lots: ","   · Market Lots: ","   · Market Lots: ","   ·   Лоты рынка: ","   · Market Lots: ","   · Market Lots: ","   · Market Lots: ","   · Market Lots: ","   · Market Lots: ","   · Market Lots: ","   · Market Lots: ","   · Market Lots: ","   · Market Lots: "
"STR_SMP_00005","   ·   Склад: ","   Storage: ","   Storage: ","   Storage: ","   ·   Склад: ","   Storage: ","   Storage: ","   Storage: ","   Storage: ","   Storage: ","   Storage: ","   Storage: ","   Storage: ","   Storage: "
"STR_SMP_00006"," - до конца сезона: "," - until the end of the season: "," - until the end of the season: "," - until the end of the season: "," - до конца сезона: "," - until the end of the season: "," - until the end of the season: "," - until the end of the season: "," - until the end of the season: "," - until the end of the season: "," - until the end of the season: "," - until the end of the season: "," - until the end of the season: "," - until the end of the season: "
"STR_SMP_00007"," - лотов пока нет"," - no lots yet"," - no lots yet"," - no lots yet"," - лотов пока нет"," - no lots yet"," - no lots yet"," - no lots yet"," - no lots yet"," - no lots yet"," - no lots yet"," - no lots yet"," - no lots yet"," - no lots yet"
"STR_SMP_00008"," - ничего не найдено"," - nothing found"," - nothing found"," - nothing found"," - ничего не найдено"," - nothing found"," - nothing found"," - nothing found"," - nothing found"," - nothing found"," - nothing found"," - nothing found"," - nothing found"," - nothing found"
"STR_SMP_00009"," - новый ранг: "," - new rank: "," - new rank: "," - new rank: "," - новый ранг: "," - new rank: "," - new rank: "," - new rank: "," - new rank: "," - new rank: "," - new rank: "," - new rank: "," - new rank: "," - new rank: "
"STR_SMP_00010"," - обновление через "," - update via "," - update via "," - update via "," - обновление через "," - update via "," - update via "," - update via "," - update via "," - update via "," - update via "," - update via "," - update via "," - update via "
"STR_SMP_00011"," - пусто"," - empty"," - empty"," - empty"," - пусто"," - empty"," - empty"," - empty"," - empty"," - empty"," - empty"," - empty"," - empty"," - empty"
"STR_SMP_00012"," — склад "," - storage "," - storage "," - storage "," — склад "," - storage "," - storage "," - storage "," - storage "," - storage "," - storage "," - storage "," - storage "," - storage "
"STR_SMP_00013"," - товаров пока нет"," - no items yet"," - no items yet"," - no items yet"," - товаров пока нет"," - no items yet"," - no items yet"," - no items yet"," - no items yet"," - no items yet"," - no items yet"," - no items yet"," - no items yet"," - no items yet"
"STR_SMP_00014"," (баланс: "," (balance: "," (balance: "," (balance: "," (баланс: "," (balance: "," (balance: "," (balance: "," (balance: "," (balance: "," (balance: "," (balance: "," (balance: "," (balance: "
"STR_SMP_00015"," (валюты не хватило или не разменялась). Баланс казны: "," (there was not enough currency or it was not exchanged). Treasury balance: "," (there was not enough currency or it was not exchanged). Treasury balance: "," (there was not enough currency or it was not exchanged). Treasury balance: "," (валюты не хватило или не разменялась). Баланс казны: "," (there was not enough currency or it was not exchanged). Treasury balance: "," (there was not enough currency or it was not exchanged). Treasury balance: "," (there was not enough currency or it was not exchanged). Treasury balance: "," (there was not enough currency or it was not exchanged). Treasury balance: "," (there was not enough currency or it was not exchanged). Treasury balance: "," (there was not enough currency or it was not exchanged). Treasury balance: "," (there was not enough currency or it was not exchanged). Treasury balance: "," (there was not enough currency or it was not exchanged). Treasury balance: "," (there was not enough currency or it was not exchanged). Treasury balance: "
"STR_SMP_00016"," (вы)"," (you)"," (you)"," (you)"," (вы)"," (you)"," (you)"," (you)"," (you)"," (you)"," (you)"," (you)"," (you)"," (you)"
"STR_SMP_00017","- (выстрелов: ","- (shots: ","- (shots: ","- (shots: ","- (выстрелов: ","- (shots: ","- (shots: ","- (shots: ","- (shots: ","- (shots: ","- (shots: ","- (shots: ","- (shots: ","- (shots: "
"STR_SMP_00018"," (макс.)"," (max.)"," (max.)"," (max.)"," (макс.)"," (max.)"," (max.)"," (max.)"," (max.)"," (max.)"," (max.)"," (max.)"," (max.)"," (max.)"
"STR_SMP_00019"," (онлайн)"," (online)"," (online)"," (online)"," (онлайн)"," (online)"," (online)"," (online)"," (online)"," (online)"," (online)"," (online)"," (online)"," (online)"
"STR_SMP_00020"," (остаток не разменялся мелкими номиналами)"," (the balance was not exchanged in small denominations)"," (the balance was not exchanged in small denominations)"," (the balance was not exchanged in small denominations)"," (остаток не разменялся мелкими номиналами)"," (the balance was not exchanged in small denominations)"," (the balance was not exchanged in small denominations)"," (the balance was not exchanged in small denominations)"," (the balance was not exchanged in small denominations)"," (the balance was not exchanged in small denominations)"," (the balance was not exchanged in small denominations)"," (the balance was not exchanged in small denominations)"," (the balance was not exchanged in small denominations)"," (the balance was not exchanged in small denominations)"
"STR_SMP_00021"," (прокачка выключена)"," (upgrade is turned off)"," (upgrade is turned off)"," (upgrade is turned off)"," (прокачка выключена)"," (upgrade is turned off)"," (upgrade is turned off)"," (upgrade is turned off)"," (upgrade is turned off)"," (upgrade is turned off)"," (upgrade is turned off)"," (upgrade is turned off)"," (upgrade is turned off)"," (upgrade is turned off)"
"STR_SMP_00022"," (растёт с уровнем)."," (increases with level)."," (increases with level)."," (increases with level)."," (растёт с уровнем)."," (increases with level)."," (increases with level)."," (increases with level)."," (increases with level)."," (increases with level)."," (increases with level)."," (increases with level)."," (increases with level)."," (increases with level)."
"STR_SMP_00023"," (склад "," (storage "," (storage "," (storage "," (склад "," (storage "," (storage "," (storage "," (storage "," (storage "," (storage "," (storage "," (storage "," (storage "
"STR_SMP_00024"," | Владелец: "," | Owner: "," | Owner: "," | Owner: "," | Владелец: "," | Owner: "," | Owner: "," | Owner: "," | Owner: "," | Owner: "," | Owner: "," | Owner: "," | Owner: "," | Owner: "
"STR_SMP_00025"," | Онлайн: "," | Online: "," | Online: "," | Online: "," | Онлайн: "," | Online: "," | Online: "," | Online: "," | Online: "," | Online: "," | Online: "," | Online: "," | Online: "," | Online: "
"STR_SMP_00026"," в казне"," in the treasury"," in the treasury"," in the treasury"," в казне"," in the treasury"," in the treasury"," in the treasury"," in the treasury"," in the treasury"," in the treasury"," in the treasury"," in the treasury"," in the treasury"
"STR_SMP_00027"," в казну"," to the treasury"," to the treasury"," to the treasury"," в казну"," to the treasury"," to the treasury"," to the treasury"," to the treasury"," to the treasury"," to the treasury"," to the treasury"," to the treasury"," to the treasury"
"STR_SMP_00028"," в казну)"," to the treasury)"," to the treasury)"," to the treasury)"," в казну)"," to the treasury)"," to the treasury)"," to the treasury)"," to the treasury)"," to the treasury)"," to the treasury)"," to the treasury)"," to the treasury)"," to the treasury)"
"STR_SMP_00029"," взял со склада: "," got it from the storage: "," got it from the storage: "," got it from the storage: "," взял со склада: "," got it from the storage: "," got it from the storage: "," got it from the storage: "," got it from the storage: "," got it from the storage: "," got it from the storage: "," got it from the storage: "," got it from the storage: "," got it from the storage: "
"STR_SMP_00030"," включил отправку аудита в Discord"," enabled sending audit to Discord"," enabled sending audit to Discord"," enabled sending audit to Discord"," включил отправку аудита в Discord"," enabled sending audit to Discord"," enabled sending audit to Discord"," enabled sending audit to Discord"," enabled sending audit to Discord"," enabled sending audit to Discord"," enabled sending audit to Discord"," enabled sending audit to Discord"," enabled sending audit to Discord"," enabled sending audit to Discord"
"STR_SMP_00031"," внёс в казну "," contributed to the treasury "," contributed to the treasury "," contributed to the treasury "," внёс в казну "," contributed to the treasury "," contributed to the treasury "," contributed to the treasury "," contributed to the treasury "," contributed to the treasury "," contributed to the treasury "," contributed to the treasury "," contributed to the treasury "," contributed to the treasury "
"STR_SMP_00032"," возвращён (под ноги)"," returned (underfoot)"," returned (underfoot)"," returned (underfoot)"," возвращён (под ноги)"," returned (underfoot)"," returned (underfoot)"," returned (underfoot)"," returned (underfoot)"," returned (underfoot)"," returned (underfoot)"," returned (underfoot)"," returned (underfoot)"," returned (underfoot)"
"STR_SMP_00033"," вступил в клан"," joined the clan"," joined the clan"," joined the clan"," вступил в клан"," joined the clan"," joined the clan"," joined the clan"," joined the clan"," joined the clan"," joined the clan"," joined the clan"," joined the clan"," joined the clan"
"STR_SMP_00034"," выключил отправку аудита в Discord"," disabled sending audits to Discord"," disabled sending audits to Discord"," disabled sending audits to Discord"," выключил отправку аудита в Discord"," disabled sending audits to Discord"," disabled sending audits to Discord"," disabled sending audits to Discord"," disabled sending audits to Discord"," disabled sending audits to Discord"," disabled sending audits to Discord"," disabled sending audits to Discord"," disabled sending audits to Discord"," disabled sending audits to Discord"
"STR_SMP_00035"," выставил на рынок "," put on the market "," put on the market "," put on the market "," выставил на рынок "," put on the market "," put on the market "," put on the market "," put on the market "," put on the market "," put on the market "," put on the market "," put on the market "," put on the market "
"STR_SMP_00036"," выстрелами. Считаются попадания из огнестрела по игрокам и зомби."," shots. Firearm hits against players and zombies are counted."," shots. Firearm hits against players and zombies are counted."," shots. Firearm hits against players and zombies are counted."," выстрелами. Считаются попадания из огнестрела по игрокам и зомби."," shots. Firearm hits against players and zombies are counted."," shots. Firearm hits against players and zombies are counted."," shots. Firearm hits against players and zombies are counted."," shots. Firearm hits against players and zombies are counted."," shots. Firearm hits against players and zombies are counted."," shots. Firearm hits against players and zombies are counted."," shots. Firearm hits against players and zombies are counted."," shots. Firearm hits against players and zombies are counted."," shots. Firearm hits against players and zombies are counted."
"STR_SMP_00037"," д"," d"," d"," d"," д"," d"," d"," d"," d"," d"," d"," d"," d"," d"
"STR_SMP_00038"," денег"," money"," money"," money"," денег"," money"," money"," money"," money"," money"," money"," money"," money"," money"
"STR_SMP_00039"," до "," up to "," up to "," up to "," до "," up to "," up to "," up to "," up to "," up to "," up to "," up to "," up to "," up to "
"STR_SMP_00040"," добавил маркер на карту: "," added a marker to the map: "," added a marker to the map: "," added a marker to the map: "," добавил маркер на карту: "," added a marker to the map: "," added a marker to the map: "," added a marker to the map: "," added a marker to the map: "," added a marker to the map: "," added a marker to the map: "," added a marker to the map: "," added a marker to the map: "," added a marker to the map: "
"STR_SMP_00041"," доступен со звания: "," available from rank: "," available from rank: "," available from rank: "," доступен со звания: "," available from rank: "," available from rank: "," available from rank: "," available from rank: "," available from rank: "," available from rank: "," available from rank: "," available from rank: "," available from rank: "
"STR_SMP_00042"," за "," for "," for "," for "," за "," for "," for "," for "," for "," for "," for "," for "," for "," for "
"STR_SMP_00043"," и выше"," and above"," and above"," and above"," и выше"," and above"," and above"," and above"," and above"," and above"," and above"," and above"," and above"," and above"
"STR_SMP_00044"," из "," from "," from "," from "," из "," from "," from "," from "," from "," from "," from "," from "," from "," from "
"STR_SMP_00045"," из запрошенных "," of the requested "," of the requested "," of the requested "," из запрошенных "," of the requested "," of the requested "," of the requested "," of the requested "," of the requested "," of the requested "," of the requested "," of the requested "," of the requested "
"STR_SMP_00046"," из казны)"," from the treasury)"," from the treasury)"," from the treasury)"," из казны)"," from the treasury)"," from the treasury)"," from the treasury)"," from the treasury)"," from the treasury)"," from the treasury)"," from the treasury)"," from the treasury)"," from the treasury)"
"STR_SMP_00047"," изменил описание клана"," changed the clan description"," changed the clan description"," changed the clan description"," изменил описание клана"," changed the clan description"," changed the clan description"," changed the clan description"," changed the clan description"," changed the clan description"," changed the clan description"," changed the clan description"," changed the clan description"," changed the clan description"
"STR_SMP_00048"," изменил права: «"," changed permissions: """," changed permissions: """," changed permissions: """," изменил права: «"," changed permissions: """," changed permissions: """," changed permissions: """," changed permissions: """," changed permissions: """," changed permissions: """," changed permissions: """," changed permissions: """," changed permissions: """
"STR_SMP_00049"," исключён (кикнул "," eliminated (kicked "," eliminated (kicked "," eliminated (kicked "," исключён (кикнул "," eliminated (kicked "," eliminated (kicked "," eliminated (kicked "," eliminated (kicked "," eliminated (kicked "," eliminated (kicked "," eliminated (kicked "," eliminated (kicked "," eliminated (kicked "
"STR_SMP_00050"," исключён из клана"," expelled from the clan"," expelled from the clan"," expelled from the clan"," исключён из клана"," expelled from the clan"," expelled from the clan"," expelled from the clan"," expelled from the clan"," expelled from the clan"," expelled from the clan"," expelled from the clan"," expelled from the clan"," expelled from the clan"
"STR_SMP_00051"," исключён из клана. Кикнул: "," expelled from the clan. Kicked: "," expelled from the clan. Kicked: "," expelled from the clan. Kicked: "," исключён из клана. Кикнул: "," expelled from the clan. Kicked: "," expelled from the clan. Kicked: "," expelled from the clan. Kicked: "," expelled from the clan. Kicked: "," expelled from the clan. Kicked: "," expelled from the clan. Kicked: "," expelled from the clan. Kicked: "," expelled from the clan. Kicked: "," expelled from the clan. Kicked: "
"STR_SMP_00052"," казны"," treasury"," treasury"," treasury"," казны"," treasury"," treasury"," treasury"," treasury"," treasury"," treasury"," treasury"," treasury"," treasury"
"STR_SMP_00053"," купил "," bought "," bought "," bought "," купил "," bought "," bought "," bought "," bought "," bought "," bought "," bought "," bought "," bought "
"STR_SMP_00054"," купил лот "," bought a lot "," bought a lot "," bought a lot "," купил лот "," bought a lot "," bought a lot "," bought a lot "," bought a lot "," bought a lot "," bought a lot "," bought a lot "," bought a lot "," bought a lot "
"STR_SMP_00055"," Лимит лотов клана: "," Clan lot limit: "," Clan lot limit: "," Clan lot limit: "," Лимит лотов клана: "," Clan lot limit: "," Clan lot limit: "," Clan lot limit: "," Clan lot limit: "," Clan lot limit: "," Clan lot limit: "," Clan lot limit: "," Clan lot limit: "," Clan lot limit: "
"STR_SMP_00056"," Лоты клана: "," Clan lots: "," Clan lots: "," Clan lots: "," Лоты клана: "," Clan lots: "," Clan lots: "," Clan lots: "," Clan lots: "," Clan lots: "," Clan lots: "," Clan lots: "," Clan lots: "," Clan lots: "
"STR_SMP_00057"," м"," m"," m"," m"," м"," m"," m"," m"," m"," m"," m"," m"," m"," m"
"STR_SMP_00058"," мин"," min"," min"," min"," мин"," min"," min"," min"," min"," min"," min"," min"," min"," min"
"STR_SMP_00059"," мин."," min."," min."," min."," мин."," min."," min."," min."," min."," min."," min."," min."," min."," min."
"STR_SMP_00060"," мин. Причина: "," min. Reason: "," min. Reason: "," min. Reason: "," мин. Причина: "," min. Reason: "," min. Reason: "," min. Reason: "," min. Reason: "," min. Reason: "," min. Reason: "," min. Reason: "," min. Reason: "," min. Reason: "
"STR_SMP_00061"," на "," on "," on "," on "," на "," on "," on "," on "," on "," on "," on "," on "," on "," on "
"STR_SMP_00062"," настроил Discord webhook клана"," set up the clan's Discord webhook"," set up the clan's Discord webhook"," set up the clan's Discord webhook"," настроил Discord webhook клана"," set up the clan's Discord webhook"," set up the clan's Discord webhook"," set up the clan's Discord webhook"," set up the clan's Discord webhook"," set up the clan's Discord webhook"," set up the clan's Discord webhook"," set up the clan's Discord webhook"," set up the clan's Discord webhook"," set up the clan's Discord webhook"
"STR_SMP_00063"," нужно "," need "," need "," need "," нужно "," need "," need "," need "," need "," need "," need "," need "," need "," need "
"STR_SMP_00064"," обновил маркер на карте: "," updated the marker on the map: "," updated the marker on the map: "," updated the marker on the map: "," обновил маркер на карте: "," updated the marker on the map: "," updated the marker on the map: "," updated the marker on the map: "," updated the marker on the map: "," updated the marker on the map: "," updated the marker on the map: "," updated the marker on the map: "," updated the marker on the map: "," updated the marker on the map: "
"STR_SMP_00065"," отвязал базу клана от флагштока"," untied the clan base from the flagpole"," untied the clan base from the flagpole"," untied the clan base from the flagpole"," отвязал базу клана от флагштока"," untied the clan base from the flagpole"," untied the clan base from the flagpole"," untied the clan base from the flagpole"," untied the clan base from the flagpole"," untied the clan base from the flagpole"," untied the clan base from the flagpole"," untied the clan base from the flagpole"," untied the clan base from the flagpole"," untied the clan base from the flagpole"
"STR_SMP_00066"," отклонена"," rejected"," rejected"," rejected"," отклонена"," rejected"," rejected"," rejected"," rejected"," rejected"," rejected"," rejected"," rejected"," rejected"
"STR_SMP_00067"," очистил Discord webhook клана"," cleared the clan's Discord webhook"," cleared the clan's Discord webhook"," cleared the clan's Discord webhook"," очистил Discord webhook клана"," cleared the clan's Discord webhook"," cleared the clan's Discord webhook"," cleared the clan's Discord webhook"," cleared the clan's Discord webhook"," cleared the clan's Discord webhook"," cleared the clan's Discord webhook"," cleared the clan's Discord webhook"," cleared the clan's Discord webhook"," cleared the clan's Discord webhook"
"STR_SMP_00068"," переименовал маркер на карте: "," renamed the marker on the map: "," renamed the marker on the map: "," renamed the marker on the map: "," переименовал маркер на карте: "," renamed the marker on the map: "," renamed the marker on the map: "," renamed the marker on the map: "," renamed the marker on the map: "," renamed the marker on the map: "," renamed the marker on the map: "," renamed the marker on the map: "," renamed the marker on the map: "," renamed the marker on the map: "
"STR_SMP_00069"," перепривязал базу клана к новому флагштоку"," relinked the clan base to a new flagpole"," relinked the clan base to a new flagpole"," relinked the clan base to a new flagpole"," перепривязал базу клана к новому флагштоку"," relinked the clan base to a new flagpole"," relinked the clan base to a new flagpole"," relinked the clan base to a new flagpole"," relinked the clan base to a new flagpole"," relinked the clan base to a new flagpole"," relinked the clan base to a new flagpole"," relinked the clan base to a new flagpole"," relinked the clan base to a new flagpole"," relinked the clan base to a new flagpole"
"STR_SMP_00070"," перепривязал базу клана к новому флагштоку, старый флагшток не найден"," relinked the clan base to a new flagpole, the old flagpole was not found"," relinked the clan base to a new flagpole, the old flagpole was not found"," relinked the clan base to a new flagpole, the old flagpole was not found"," перепривязал базу клана к новому флагштоку, старый флагшток не найден"," relinked the clan base to a new flagpole, the old flagpole was not found"," relinked the clan base to a new flagpole, the old flagpole was not found"," relinked the clan base to a new flagpole, the old flagpole was not found"," relinked the clan base to a new flagpole, the old flagpole was not found"," relinked the clan base to a new flagpole, the old flagpole was not found"," relinked the clan base to a new flagpole, the old flagpole was not found"," relinked the clan base to a new flagpole, the old flagpole was not found"," relinked the clan base to a new flagpole, the old flagpole was not found"," relinked the clan base to a new flagpole, the old flagpole was not found"
"STR_SMP_00071"," покинул клан"," left the clan"," left the clan"," left the clan"," покинул клан"," left the clan"," left the clan"," left the clan"," left the clan"," left the clan"," left the clan"," left the clan"," left the clan"," left the clan"
"STR_SMP_00072"," покинул клан. Участников не осталось"," left the clan. No participants left"," left the clan. No participants left"," left the clan. No participants left"," покинул клан. Участников не осталось"," left the clan. No participants left"," left the clan. No participants left"," left the clan. No participants left"," left the clan. No participants left"," left the clan. No participants left"," left the clan. No participants left"," left the clan. No participants left"," left the clan. No participants left"," left the clan. No participants left"
"STR_SMP_00073"," положил на склад: "," put into storage: "," put into storage: "," put into storage: "," положил на склад: "," put into storage: "," put into storage: "," put into storage: "," put into storage: "," put into storage: "," put into storage: "," put into storage: "," put into storage: "," put into storage: "
"STR_SMP_00074"," получил награду за достижение """," received an award for achievement """," received an award for achievement """," received an award for achievement """," получил награду за достижение """," received an award for achievement """," received an award for achievement """," received an award for achievement """," received an award for achievement """," received an award for achievement """," received an award for achievement """," received an award for achievement """," received an award for achievement """," received an award for achievement """
"STR_SMP_00075"," поставил метку"," put a mark"," put a mark"," put a mark"," поставил метку"," put a mark"," put a mark"," put a mark"," put a mark"," put a mark"," put a mark"," put a mark"," put a mark"," put a mark"
"STR_SMP_00076"," привязал базу клана к флагштоку"," tied the clan base to the flagpole"," tied the clan base to the flagpole"," tied the clan base to the flagpole"," привязал базу клана к флагштоку"," tied the clan base to the flagpole"," tied the clan base to the flagpole"," tied the clan base to the flagpole"," tied the clan base to the flagpole"," tied the clan base to the flagpole"," tied the clan base to the flagpole"," tied the clan base to the flagpole"," tied the clan base to the flagpole"," tied the clan base to the flagpole"
"STR_SMP_00077"," приглашает вас в клан """," invites you to the clan"""," invites you to the clan"""," invites you to the clan"""," приглашает вас в клан """," invites you to the clan"""," invites you to the clan"""," invites you to the clan"""," invites you to the clan"""," invites you to the clan"""," invites you to the clan"""," invites you to the clan"""," invites you to the clan"""," invites you to the clan"""
"STR_SMP_00078"," принят по заявке (решение: "," accepted on application (decision: "," accepted on application (decision: "," accepted on application (decision: "," принят по заявке (решение: "," accepted on application (decision: "," accepted on application (decision: "," accepted on application (decision: "," accepted on application (decision: "," accepted on application (decision: "," accepted on application (decision: "," accepted on application (decision: "," accepted on application (decision: "," accepted on application (decision: "
"STR_SMP_00079"," принят по заявке. Решение: "," accepted on application. Solution: "," accepted on application. Solution: "," accepted on application. Solution: "," принят по заявке. Решение: "," accepted on application. Solution: "," accepted on application. Solution: "," accepted on application. Solution: "," accepted on application. Solution: "," accepted on application. Solution: "," accepted on application. Solution: "," accepted on application. Solution: "," accepted on application. Solution: "," accepted on application. Solution: "
"STR_SMP_00080"," прокачал клан до уровня "," upgraded the clan to the level "," upgraded the clan to the level "," upgraded the clan to the level "," прокачал клан до уровня "," upgraded the clan to the level "," upgraded the clan to the level "," upgraded the clan to the level "," upgraded the clan to the level "," upgraded the clan to the level "," upgraded the clan to the level "," upgraded the clan to the level "," upgraded the clan to the level "," upgraded the clan to the level "
"STR_SMP_00081"," сек"," sec"," sec"," sec"," сек"," sec"," sec"," sec"," sec"," sec"," sec"," sec"," sec"," sec"
"STR_SMP_00082"," символов"," characters"," characters"," characters"," символов"," characters"," characters"," characters"," characters"," characters"," characters"," characters"," characters"," characters"
"STR_SMP_00083"," символов!"," characters!"," characters!"," characters!"," символов!"," characters!"," characters!"," characters!"," characters!"," characters!"," characters!"," characters!"," characters!"," characters!"
"STR_SMP_00084"," сменил цвет клана"," changed clan color"," changed clan color"," changed clan color"," сменил цвет клана"," changed clan color"," changed clan color"," changed clan color"," changed clan color"," changed clan color"," changed clan color"," changed clan color"," changed clan color"," changed clan color"
"STR_SMP_00085"," снял из казны "," removed from the treasury "," removed from the treasury "," removed from the treasury "," снял из казны "," removed from the treasury "," removed from the treasury "," removed from the treasury "," removed from the treasury "," removed from the treasury "," removed from the treasury "," removed from the treasury "," removed from the treasury "," removed from the treasury "
"STR_SMP_00086"," снял с рынка "," removed from the market "," removed from the market "," removed from the market "," снял с рынка "," removed from the market "," removed from the market "," removed from the market "," removed from the market "," removed from the market "," removed from the market "," removed from the market "," removed from the market "," removed from the market "
"STR_SMP_00087"," теперь "," now "," now "," now "," теперь "," now "," now "," now "," now "," now "," now "," now "," now "," now "
"STR_SMP_00088"," удалил маркер с карты: "," removed a marker from the map: "," removed a marker from the map: "," removed a marker from the map: "," удалил маркер с карты: "," removed a marker from the map: "," removed a marker from the map: "," removed a marker from the map: "," removed a marker from the map: "," removed a marker from the map: "," removed a marker from the map: "," removed a marker from the map: "," removed a marker from the map: "," removed a marker from the map: "
"STR_SMP_00089"," уже состоит в другом клане"," is already in another clan"," is already in another clan"," is already in another clan"," уже состоит в другом клане"," is already in another clan"," is already in another clan"," is already in another clan"," is already in another clan"," is already in another clan"," is already in another clan"," is already in another clan"," is already in another clan"," is already in another clan"
"STR_SMP_00090"," участник(ов)"," participant(s)"," participant(s)"," participant(s)"," участник(ов)"," participant(s)"," participant(s)"," participant(s)"," participant(s)"," participant(s)"," participant(s)"," participant(s)"," participant(s)"," participant(s)"
"STR_SMP_00091"," хочет вступить в клан. Меню клана (P) -> Заявки"," wants to join the clan. Clan menu (P) -> Applications"," wants to join the clan. Clan menu (P) -> Applications"," wants to join the clan. Clan menu (P) -> Applications"," хочет вступить в клан. Меню клана (P) -> Заявки"," wants to join the clan. Clan menu (P) -> Applications"," wants to join the clan. Clan menu (P) -> Applications"," wants to join the clan. Clan menu (P) -> Applications"," wants to join the clan. Clan menu (P) -> Applications"," wants to join the clan. Clan menu (P) -> Applications"," wants to join the clan. Clan menu (P) -> Applications"," wants to join the clan. Clan menu (P) -> Applications"," wants to join the clan. Clan menu (P) -> Applications"," wants to join the clan. Clan menu (P) -> Applications"
"STR_SMP_00092"," ч"," h"," h"," h"," ч"," h"," h"," h"," h"," h"," h"," h"," h"," h"
"STR_SMP_00093"," **Жильцы:** "," **Residents:** "," **Residents:** "," **Residents:** "," **Жильцы:** "," **Residents:** "," **Residents:** "," **Residents:** "," **Residents:** "," **Residents:** "," **Residents:** "," **Residents:** "," **Residents:** "," **Residents:** "
"STR_SMP_00094"," ... ещё "," ...more "," ...more "," ...more "," ... ещё "," ...more "," ...more "," ...more "," ...more "," ...more "," ...more "," ...more "," ...more "," ...more "
"STR_SMP_00095"," Ваш лимит: "," Your limit: "," Your limit: "," Your limit: "," Ваш лимит: "," Your limit: "," Your limit: "," Your limit: "," Your limit: "," Your limit: "," Your limit: "," Your limit: "," Your limit: "," Your limit: "
"STR_SMP_00096"," Ваш лимит: без ограничения"," Your limit: no limit"," Your limit: no limit"," Your limit: no limit"," Ваш лимит: без ограничения"," Your limit: no limit"," Your limit: no limit"," Your limit: no limit"," Your limit: no limit"," Your limit: no limit"," Your limit: no limit"," Your limit: no limit"," Your limit: no limit"," Your limit: no limit"
"STR_SMP_00097"," Вложений (аттачменты и карго): "," Attachments (attachments and cargo): "," Attachments (attachments and cargo): "," Attachments (attachments and cargo): "," Вложений (аттачменты и карго): "," Attachments (attachments and cargo): "," Attachments (attachments and cargo): "," Attachments (attachments and cargo): "," Attachments (attachments and cargo): "," Attachments (attachments and cargo): "," Attachments (attachments and cargo): "," Attachments (attachments and cargo): "," Attachments (attachments and cargo): "," Attachments (attachments and cargo): "
"STR_SMP_00098"," Вложений: "," Attachments: "," Attachments: "," Attachments: "," Вложений: "," Attachments: "," Attachments: "," Attachments: "," Attachments: "," Attachments: "," Attachments: "," Attachments: "," Attachments: "," Attachments: "
"STR_SMP_00099"," Дата: "," Date: "," Date: "," Date: "," Дата: "," Date: "," Date: "," Date: "," Date: "," Date: "," Date: "," Date: "," Date: "," Date: "
"STR_SMP_00100"," Длительность: "," Duration: "," Duration: "," Duration: "," Длительность: "," Duration: "," Duration: "," Duration: "," Duration: "," Duration: "," Duration: "," Duration: "," Duration: "," Duration: "
"STR_SMP_00101"," Ещё: "," More: "," More: "," More: "," Ещё: "," More: "," More: "," More: "," More: "," More: "," More: "," More: "," More: "," More: "
"STR_SMP_00102"," Исполнитель: "," Artist: "," Artist: "," Artist: "," Исполнитель: "," Artist: "," Artist: "," Artist: "," Artist: "," Artist: "," Artist: "," Artist: "," Artist: "," Artist: "
"STR_SMP_00103"," Клан: "," Clan: "," Clan: "," Clan: "," Клан: "," Clan: "," Clan: "," Clan: "," Clan: "," Clan: "," Clan: "," Clan: "," Clan: "," Clan: "
"STR_SMP_00104"," Количество: "," Quantity: "," Quantity: "," Quantity: "," Количество: "," Quantity: "," Quantity: "," Quantity: "," Quantity: "," Quantity: "," Quantity: "," Quantity: "," Quantity: "," Quantity: "
"STR_SMP_00105"," Комиссия системы: "," System commission: "," System commission: "," System commission: "," Комиссия системы: "," System commission: "," System commission: "," System commission: "," System commission: "," System commission: "," System commission: "," System commission: "," System commission: "," System commission: "
"STR_SMP_00106"," Комиссия: "," Commission: "," Commission: "," Commission: "," Комиссия: "," Commission: "," Commission: "," Commission: "," Commission: "," Commission: "," Commission: "," Commission: "," Commission: "," Commission: "
"STR_SMP_00107"," Лидер: "," Leader: "," Leader: "," Leader: "," Лидер: "," Leader: "," Leader: "," Leader: "," Leader: "," Leader: "," Leader: "," Leader: "," Leader: "," Leader: "
"STR_SMP_00108"," Максимальный уровень достигнут."," The maximum level has been reached."," The maximum level has been reached."," The maximum level has been reached."," Максимальный уровень достигнут."," The maximum level has been reached."," The maximum level has been reached."," The maximum level has been reached."," The maximum level has been reached."," The maximum level has been reached."," The maximum level has been reached."," The maximum level has been reached."," The maximum level has been reached."," The maximum level has been reached."
"STR_SMP_00109"," Награда: "," Reward: "," Reward: "," Reward: "," Награда: "," Reward: "," Reward: "," Reward: "," Reward: "," Reward: "," Reward: "," Reward: "," Reward: "," Reward: "
"STR_SMP_00110"," Обновление через: "," Update via: "," Update via: "," Update via: "," Обновление через: "," Update via: "," Update via: "," Update via: "," Update via: "," Update via: "," Update via: "," Update via: "," Update via: "," Update via: "
"STR_SMP_00111"," Осталось: "," Remaining: "," Remaining: "," Remaining: "," Осталось: "," Remaining: "," Remaining: "," Remaining: "," Remaining: "," Remaining: "," Remaining: "," Remaining: "," Remaining: "," Remaining: "
"STR_SMP_00112"," Положил: "," Put: "," Put: "," Put: "," Положил: "," Put: "," Put: "," Put: "," Put: "," Put: "," Put: "," Put: "," Put: "," Put: "
"STR_SMP_00113"," Прогресс: "," Progress: "," Progress: "," Progress: "," Прогресс: "," Progress: "," Progress: "," Progress: "," Progress: "," Progress: "," Progress: "," Progress: "," Progress: "," Progress: "
"STR_SMP_00114"," Продавец: "," Seller: "," Seller: "," Seller: "," Продавец: "," Seller: "," Seller: "," Seller: "," Seller: "," Seller: "," Seller: "," Seller: "," Seller: "," Seller: "
"STR_SMP_00115"," Следующая ставка: "," Next rate: "," Next rate: "," Next rate: "," Следующая ставка: "," Next rate: "," Next rate: "," Next rate: "," Next rate: "," Next rate: "," Next rate: "," Next rate: "," Next rate: "," Next rate: "
"STR_SMP_00116"," Следующий: ур. "," Next: Lv. "," Next: Lv. "," Next: Lv. "," Следующий: ур. "," Next: Lv. "," Next: Lv. "," Next: Lv. "," Next: Lv. "," Next: Lv. "," Next: Lv. "," Next: Lv. "," Next: Lv. "," Next: Lv. "
"STR_SMP_00117"," Создал: "," Created by: "," Created by: "," Created by: "," Создал: "," Created by: "," Created by: "," Created by: "," Created by: "," Created by: "," Created by: "," Created by: "," Created by: "," Created by: "
"STR_SMP_00118"," Создание недоступно по званию."," The creature is not available by rank."," The creature is not available by rank."," The creature is not available by rank."," Создание недоступно по званию."," The creature is not available by rank."," The creature is not available by rank."," The creature is not available by rank."," The creature is not available by rank."," The creature is not available by rank."," The creature is not available by rank."," The creature is not available by rank."," The creature is not available by rank."," The creature is not available by rank."
"STR_SMP_00119"," Состояние: "," Condition: "," Condition: "," Condition: "," Состояние: "," Condition: "," Condition: "," Condition: "," Condition: "," Condition: "," Condition: "," Condition: "," Condition: "," Condition: "
"STR_SMP_00120"," Старт: "," Start: "," Start: "," Start: "," Старт: "," Start: "," Start: "," Start: "," Start: "," Start: "," Start: "," Start: "," Start: "," Start: "
"STR_SMP_00121"," Статус: "," Status: "," Status: "," Status: "," Статус: "," Status: "," Status: "," Status: "," Status: "," Status: "," Status: "," Status: "," Status: "," Status: "
"STR_SMP_00122"," Статус: в процессе"," Status: in progress"," Status: in progress"," Status: in progress"," Статус: в процессе"," Status: in progress"," Status: in progress"," Status: in progress"," Status: in progress"," Status: in progress"," Status: in progress"," Status: in progress"," Status: in progress"," Status: in progress"
"STR_SMP_00123"," Статус: выполнено"," Status: completed"," Status: completed"," Status: completed"," Статус: выполнено"," Status: completed"," Status: completed"," Status: completed"," Status: completed"," Status: completed"," Status: completed"," Status: completed"," Status: completed"," Status: completed"
"STR_SMP_00124"," Статус: награда получена"," Status: reward received"," Status: reward received"," Status: reward received"," Статус: награда получена"," Status: reward received"," Status: reward received"," Status: reward received"," Status: reward received"," Status: reward received"," Status: reward received"," Status: reward received"," Status: reward received"," Status: reward received"
"STR_SMP_00125"," Текущая ставка: "," Current rate: "," Current rate: "," Current rate: "," Текущая ставка: "," Current rate: "," Current rate: "," Current rate: "," Current rate: "," Current rate: "," Current rate: "," Current rate: "," Current rate: "," Current rate: "
"STR_SMP_00126"," Цена: "," Price: "," Price: "," Price: "," Цена: "," Price: "," Price: "," Price: "," Price: "," Price: "," Price: "," Price: "," Price: "," Price: "
"STR_SMP_00127"," Шаг: "," Step: "," Step: "," Step: "," Шаг: "," Step: "," Step: "," Step: "," Step: "," Step: "," Step: "," Step: "," Step: "," Step: "
"STR_SMP_00128"," Штраф отказа: "," Refusal penalty: "," Refusal penalty: "," Refusal penalty: "," Штраф отказа: "," Refusal penalty: "," Refusal penalty: "," Refusal penalty: "," Refusal penalty: "," Refusal penalty: "," Refusal penalty: "," Refusal penalty: "," Refusal penalty: "," Refusal penalty: "
"STR_SMP_00129","! Склад: ","! Storage: ","! Storage: ","! Storage: ","! Склад: ","! Storage: ","! Storage: ","! Storage: ","! Storage: ","! Storage: ","! Storage: ","! Storage: ","! Storage: ","! Storage: "
"STR_SMP_00130","!mute <ник/steamid> <минуты> [причина] | !unmute <ник/steamid> | !mutelist","!mute <nickname/steamid> <minutes> [reason] | !unmute <nickname/steamid> | !mutelist","!mute <nickname/steamid> <minutes> [reason] | !unmute <nickname/steamid> | !mutelist","!mute <nickname/steamid> <minutes> [reason] | !unmute <nickname/steamid> | !mutelist","!mute <ник/steamid> <минуты> [причина] | !unmute <ник/steamid> | !mutelist","!mute <nickname/steamid> <minutes> [reason] | !unmute <nickname/steamid> | !mutelist","!mute <nickname/steamid> <minutes> [reason] | !unmute <nickname/steamid> | !mutelist","!mute <nickname/steamid> <minutes> [reason] | !unmute <nickname/steamid> | !mutelist","!mute <nickname/steamid> <minutes> [reason] | !unmute <nickname/steamid> | !mutelist","!mute <nickname/steamid> <minutes> [reason] | !unmute <nickname/steamid> | !mutelist","!mute <nickname/steamid> <minutes> [reason] | !unmute <nickname/steamid> | !mutelist","!mute <nickname/steamid> <minutes> [reason] | !unmute <nickname/steamid> | !mutelist","!mute <nickname/steamid> <minutes> [reason] | !unmute <nickname/steamid> | !mutelist","!mute <nickname/steamid> <minutes> [reason] | !unmute <nickname/steamid> | !mutelist"
"STR_SMP_00131",""" выиграл топ «","""won top""","""won top""","""won top""",""" выиграл топ «","""won top""","""won top""","""won top""","""won top""","""won top""","""won top""","""won top""","""won top""","""won top"""
"STR_SMP_00132",""" игроком ","""player ","""player ","""player ",""" игроком ","""player ","""player ","""player ","""player ","""player ","""player ","""player ","""player ","""player "
"STR_SMP_00133",""" отклонена",""" rejected",""" rejected",""" rejected",""" отклонена",""" rejected",""" rejected",""" rejected",""" rejected",""" rejected",""" rejected",""" rejected",""" rejected",""" rejected"
"STR_SMP_00134",""" отправлена",""" sent",""" sent",""" sent",""" отправлена",""" sent",""" sent",""" sent",""" sent",""" sent",""" sent",""" sent",""" sent",""" sent"
"STR_SMP_00135",""" распущен","""dissolved","""dissolved","""dissolved",""" распущен","""dissolved","""dissolved","""dissolved","""dissolved","""dissolved","""dissolved","""dissolved","""dissolved","""dissolved"
"STR_SMP_00136",""" распущен лидером","""dissolved by the leader","""dissolved by the leader","""dissolved by the leader",""" распущен лидером","""dissolved by the leader","""dissolved by the leader","""dissolved by the leader","""dissolved by the leader","""dissolved by the leader","""dissolved by the leader","""dissolved by the leader","""dissolved by the leader","""dissolved by the leader"
"STR_SMP_00137",""" создан!","""created!","""created!","""created!",""" создан!","""created!","""created!","""created!","""created!","""created!","""created!","""created!","""created!","""created!"
"STR_SMP_00138",""". Откройте меню клана (P)",""". Open the clan menu (P)",""". Open the clan menu (P)",""". Open the clan menu (P)",""". Откройте меню клана (P)",""". Open the clan menu (P)",""". Open the clan menu (P)",""". Open the clan menu (P)",""". Open the clan menu (P)",""". Open the clan menu (P)",""". Open the clan menu (P)",""". Open the clan menu (P)",""". Open the clan menu (P)",""". Open the clan menu (P)"
"STR_SMP_00139","%. Длительность: ","%. Duration: ","%. Duration: ","%. Duration: ","%. Длительность: ","%. Duration: ","%. Duration: ","%. Duration: ","%. Duration: ","%. Duration: ","%. Duration: ","%. Duration: ","%. Duration: ","%. Duration: "
"STR_SMP_00140",") будут удалены и никому не вернутся. ",") will be deleted and will not be returned to anyone. ",") will be deleted and will not be returned to anyone. ",") will be deleted and will not be returned to anyone. ",") будут удалены и никому не вернутся. ",") will be deleted and will not be returned to anyone. ",") will be deleted and will not be returned to anyone. ",") will be deleted and will not be returned to anyone. ",") will be deleted and will not be returned to anyone. ",") will be deleted and will not be returned to anyone. ",") will be deleted and will not be returned to anyone. ",") will be deleted and will not be returned to anyone. ",") will be deleted and will not be returned to anyone. ",") will be deleted and will not be returned to anyone. "
"STR_SMP_00141","). Прокачайте клан или освободите место","). Upgrade your clan or free up space","). Upgrade your clan or free up space","). Upgrade your clan or free up space","). Прокачайте клан или освободите место","). Upgrade your clan or free up space","). Upgrade your clan or free up space","). Upgrade your clan or free up space","). Upgrade your clan or free up space","). Upgrade your clan or free up space","). Upgrade your clan or free up space","). Upgrade your clan or free up space","). Upgrade your clan or free up space","). Upgrade your clan or free up space"
"STR_SMP_00142","**Дата:** ","**Date:** ","**Date:** ","**Date:** ","**Дата:** ","**Date:** ","**Date:** ","**Date:** ","**Date:** ","**Date:** ","**Date:** ","**Date:** ","**Date:** ","**Date:** "
"STR_SMP_00143","**Казна:** ","**Treasury:** ","**Treasury:** ","**Treasury:** ","**Казна:** ","**Treasury:** ","**Treasury:** ","**Treasury:** ","**Treasury:** ","**Treasury:** ","**Treasury:** ","**Treasury:** ","**Treasury:** ","**Treasury:** "
"STR_SMP_00144","**Карта:** `","**Map:** `","**Map:** `","**Map:** `","**Карта:** `","**Map:** `","**Map:** `","**Map:** `","**Map:** `","**Map:** `","**Map:** `","**Map:** `","**Map:** `","**Map:** `"
"STR_SMP_00145","**Клан:** ","**Clan:** ","**Clan:** ","**Clan:** ","**Клан:** ","**Clan:** ","**Clan:** ","**Clan:** ","**Clan:** ","**Clan:** ","**Clan:** ","**Clan:** ","**Clan:** ","**Clan:** "
"STR_SMP_00146","**Кого касается:** ","**To whom it may concern:** ","**To whom it may concern:** ","**To whom it may concern:** ","**Кого касается:** ","**To whom it may concern:** ","**To whom it may concern:** ","**To whom it may concern:** ","**To whom it may concern:** ","**To whom it may concern:** ","**To whom it may concern:** ","**To whom it may concern:** ","**To whom it may concern:** ","**To whom it may concern:** "
"STR_SMP_00147","**Координаты базы:** `","**Base coordinates:** `","**Base coordinates:** `","**Base coordinates:** `","**Координаты базы:** `","**Base coordinates:** `","**Base coordinates:** `","**Base coordinates:** `","**Base coordinates:** `","**Base coordinates:** `","**Base coordinates:** `","**Base coordinates:** `","**Base coordinates:** `","**Base coordinates:** `"
"STR_SMP_00148","**Кто сделал:** ","**Who made it:** ","**Who made it:** ","**Who made it:** ","**Кто сделал:** ","**Who made it:** ","**Who made it:** ","**Who made it:** ","**Who made it:** ","**Who made it:** ","**Who made it:** ","**Who made it:** ","**Who made it:** ","**Who made it:** "
"STR_SMP_00149","**Событие:** ","**Event:** ","**Event:** ","**Event:** ","**Событие:** ","**Event:** ","**Event:** ","**Event:** ","**Event:** ","**Event:** ","**Event:** ","**Event:** ","**Event:** ","**Event:** "
"STR_SMP_00150","**Тег:** ","**Tag:** ","**Tag:** ","**Tag:** ","**Тег:** ","**Tag:** ","**Tag:** ","**Tag:** ","**Tag:** ","**Tag:** ","**Tag:** ","**Tag:** ","**Tag:** ","**Tag:** "
"STR_SMP_00151","**Уровень:** ","**Level:** ","**Level:** ","**Level:** ","**Уровень:** ","**Level:** ","**Level:** ","**Level:** ","**Level:** ","**Level:** ","**Level:** ","**Level:** ","**Level:** ","**Level:** "
"STR_SMP_00152","**Участники:** ","**Participants:** ","**Participants:** ","**Participants:** ","**Участники:** ","**Participants:** ","**Participants:** ","**Participants:** ","**Participants:** ","**Participants:** ","**Participants:** ","**Participants:** ","**Participants:** ","**Participants:** "
"STR_SMP_00153","**Хозяин:** ","**Owner:** ","**Owner:** ","**Owner:** ","**Хозяин:** ","**Owner:** ","**Owner:** ","**Owner:** ","**Owner:** ","**Owner:** ","**Owner:** ","**Owner:** ","**Owner:** ","**Owner:** "
"STR_SMP_00154",", аудит: включён",", audit: enabled",", audit: enabled",", audit: enabled",", аудит: включён",", audit: enabled",", audit: enabled",", audit: enabled",", audit: enabled",", audit: enabled",", audit: enabled",", audit: enabled",", audit: enabled",", audit: enabled"
"STR_SMP_00155",", в казне ",", in the treasury ",", in the treasury ",", in the treasury ",", в казне ",", in the treasury ",", in the treasury ",", in the treasury ",", in the treasury ",", in the treasury ",", in the treasury ",", in the treasury ",", in the treasury ",", in the treasury "
"STR_SMP_00156",", контейнер в склад",", container to storage",", container to storage",", container to storage",", контейнер в склад",", container to storage",", container to storage",", container to storage",", container to storage",", container to storage",", container to storage",", container to storage",", container to storage",", container to storage"
"STR_SMP_00157",", лотов ",", lots ",", lots ",", lots ",", лотов ",", lots ",", lots ",", lots ",", lots ",", lots ",", lots ",", lots ",", lots ",", lots "
"STR_SMP_00158",", лотов: ",", lots: ",", lots: ",", lots: ",", лотов: ",", lots: ",", lots: ",", lots: ",", lots: ",", lots: ",", lots: ",", lots: ",", lots: ",", lots: "
"STR_SMP_00159",", предметов склада ",", storage items ",", storage items ",", storage items ",", предметов склада ",", storage items ",", storage items ",", storage items ",", storage items ",", storage items ",", storage items ",", storage items ",", storage items ",", storage items "
"STR_SMP_00160",", сервер маркет ",", server market ",", server market ",", server market ",", сервер маркет ",", server market ",", server market ",", server market ",", server market ",", server market ",", server market ",", server market ",", server market ",", server market "
"STR_SMP_00161",", сервер маркет: ",", server market: ",", server market: ",", server market: ",", сервер маркет: ",", server market: ",", server market: ",", server market: ",", server market: ",", server market: ",", server market: ",", server market: ",", server market: ",", server market: "
"STR_SMP_00162",", товаров: ",", items: ",", items: ",", items: ",", товаров: ",", items: ",", items: ",", items: ",", items: ",", items: ",", items: ",", items: ",", items: ",", items: "
"STR_SMP_00163",", у вас ",", you have ",", you have ",", you have ",", у вас ",", you have ",", you have ",", you have ",", you have ",", you have ",", you have ",", you have ",", you have ",", you have "
"STR_SMP_00164",". Баланс казны: ",". Treasury balance: ",". Treasury balance: ",". Treasury balance: ",". Баланс казны: ",". Treasury balance: ",". Treasury balance: ",". Treasury balance: ",". Treasury balance: ",". Treasury balance: ",". Treasury balance: ",". Treasury balance: ",". Treasury balance: ",". Treasury balance: "
"STR_SMP_00165",". Награда: ",". Reward: ",". Reward: ",". Reward: ",". Награда: ",". Reward: ",". Reward: ",". Reward: ",". Reward: ",". Reward: ",". Reward: ",". Reward: ",". Reward: ",". Reward: "
"STR_SMP_00166",". Налог продажи: ",". Sales tax: ",". Sales tax: ",". Sales tax: ",". Налог продажи: ",". Sales tax: ",". Sales tax: ",". Sales tax: ",". Sales tax: ",". Sales tax: ",". Sales tax: ",". Sales tax: ",". Sales tax: ",". Sales tax: "
"STR_SMP_00167",". Причина: ",". Reason: ",". Reason: ",". Reason: ",". Причина: ",". Reason: ",". Reason: ",". Reason: ",". Reason: ",". Reason: ",". Reason: ",". Reason: ",". Reason: ",". Reason: "
"STR_SMP_00168",": в инвентаре нет подходящей валюты",": there is no suitable currency in inventory",": there is no suitable currency in inventory",": there is no suitable currency in inventory",": в инвентаре нет подходящей валюты",": there is no suitable currency in inventory",": there is no suitable currency in inventory",": there is no suitable currency in inventory",": there is no suitable currency in inventory",": there is no suitable currency in inventory",": there is no suitable currency in inventory",": there is no suitable currency in inventory",": there is no suitable currency in inventory",": there is no suitable currency in inventory"
"STR_SMP_00169",": клан """,": clan """,": clan """,": clan """,": клан """,": clan """,": clan """,": clan """,": clan """,": clan """,": clan """,": clan """,": clan """,": clan """
"STR_SMP_00170",": топ «",": top """,": top """,": top """,": топ «",": top """,": top """,": top """,": top """,": top """,": top """,": top """,": top """,": top """
"STR_SMP_00171","[SM_PartyMod] ClanMapWidgetFull не найден в лейауте!","[SM_PartyMod] ClanMapWidgetFull not found in the layout!","[SM_PartyMod] ClanMapWidgetFull not found in the layout!","[SM_PartyMod] ClanMapWidgetFull not found in the layout!","[SM_PartyMod] ClanMapWidgetFull не найден в лейауте!","[SM_PartyMod] ClanMapWidgetFull not found in the layout!","[SM_PartyMod] ClanMapWidgetFull not found in the layout!","[SM_PartyMod] ClanMapWidgetFull not found in the layout!","[SM_PartyMod] ClanMapWidgetFull not found in the layout!","[SM_PartyMod] ClanMapWidgetFull not found in the layout!","[SM_PartyMod] ClanMapWidgetFull not found in the layout!","[SM_PartyMod] ClanMapWidgetFull not found in the layout!","[SM_PartyMod] ClanMapWidgetFull not found in the layout!","[SM_PartyMod] ClanMapWidgetFull not found in the layout!"
"STR_SMP_00172","[SM_PartyMod] Settings.json обновлён командой от ","[SM_PartyMod] Settings.json updated by team from ","[SM_PartyMod] Settings.json updated by team from ","[SM_PartyMod] Settings.json updated by team from ","[SM_PartyMod] Settings.json обновлён командой от ","[SM_PartyMod] Settings.json updated by team from ","[SM_PartyMod] Settings.json updated by team from ","[SM_PartyMod] Settings.json updated by team from ","[SM_PartyMod] Settings.json updated by team from ","[SM_PartyMod] Settings.json updated by team from ","[SM_PartyMod] Settings.json updated by team from ","[SM_PartyMod] Settings.json updated by team from ","[SM_PartyMod] Settings.json updated by team from ","[SM_PartyMod] Settings.json updated by team from "
"STR_SMP_00173","[SM_PartyMod] Возврат осиротевших объектов распущенных кланов: лотов ","[SM_PartyMod] Return of orphaned objects of dissolved clans: lots ","[SM_PartyMod] Return of orphaned objects of dissolved clans: lots ","[SM_PartyMod] Return of orphaned objects of dissolved clans: lots ","[SM_PartyMod] Возврат осиротевших объектов распущенных кланов: лотов ","[SM_PartyMod] Return of orphaned objects of dissolved clans: lots ","[SM_PartyMod] Return of orphaned objects of dissolved clans: lots ","[SM_PartyMod] Return of orphaned objects of dissolved clans: lots ","[SM_PartyMod] Return of orphaned objects of dissolved clans: lots ","[SM_PartyMod] Return of orphaned objects of dissolved clans: lots ","[SM_PartyMod] Return of orphaned objects of dissolved clans: lots ","[SM_PartyMod] Return of orphaned objects of dissolved clans: lots ","[SM_PartyMod] Return of orphaned objects of dissolved clans: lots ","[SM_PartyMod] Return of orphaned objects of dissolved clans: lots "
"STR_SMP_00174","[SM_PartyMod] Клан распущен игроком ","[SM_PartyMod] Clan dissolved by player ","[SM_PartyMod] Clan dissolved by player ","[SM_PartyMod] Clan dissolved by player ","[SM_PartyMod] Клан распущен игроком ","[SM_PartyMod] Clan dissolved by player ","[SM_PartyMod] Clan dissolved by player ","[SM_PartyMod] Clan dissolved by player ","[SM_PartyMod] Clan dissolved by player ","[SM_PartyMod] Clan dissolved by player ","[SM_PartyMod] Clan dissolved by player ","[SM_PartyMod] Clan dissolved by player ","[SM_PartyMod] Clan dissolved by player ","[SM_PartyMod] Clan dissolved by player "
"STR_SMP_00175","[SM_PartyMod] Команда обновления конфига проигнорирована: игрок не найден или имя не уникально (","[SM_PartyMod] The config update command was ignored: the player was not found or the name is not unique (","[SM_PartyMod] The config update command was ignored: the player was not found or the name is not unique (","[SM_PartyMod] The config update command was ignored: the player was not found or the name is not unique (","[SM_PartyMod] Команда обновления конфига проигнорирована: игрок не найден или имя не уникально (","[SM_PartyMod] The config update command was ignored: the player was not found or the name is not unique (","[SM_PartyMod] The config update command was ignored: the player was not found or the name is not unique (","[SM_PartyMod] The config update command was ignored: the player was not found or the name is not unique (","[SM_PartyMod] The config update command was ignored: the player was not found or the name is not unique (","[SM_PartyMod] The config update command was ignored: the player was not found or the name is not unique (","[SM_PartyMod] The config update command was ignored: the player was not found or the name is not unique (","[SM_PartyMod] The config update command was ignored: the player was not found or the name is not unique (","[SM_PartyMod] The config update command was ignored: the player was not found or the name is not unique (","[SM_PartyMod] The config update command was ignored: the player was not found or the name is not unique ("
"STR_SMP_00176","[SM_PartyMod] Менеджер кланов запущен. Кланов: ","[SM_PartyMod] Clan Manager is running. Clans: ","[SM_PartyMod] Clan Manager is running. Clans: ","[SM_PartyMod] Clan Manager is running. Clans: ","[SM_PartyMod] Менеджер кланов запущен. Кланов: ","[SM_PartyMod] Clan Manager is running. Clans: ","[SM_PartyMod] Clan Manager is running. Clans: ","[SM_PartyMod] Clan Manager is running. Clans: ","[SM_PartyMod] Clan Manager is running. Clans: ","[SM_PartyMod] Clan Manager is running. Clans: ","[SM_PartyMod] Clan Manager is running. Clans: ","[SM_PartyMod] Clan Manager is running. Clans: ","[SM_PartyMod] Clan Manager is running. Clans: ","[SM_PartyMod] Clan Manager is running. Clans: "
"STR_SMP_00177","[SM_PartyMod] Награда ","[SM_PartyMod] Reward ","[SM_PartyMod] Reward ","[SM_PartyMod] Reward ","[SM_PartyMod] Награда ","[SM_PartyMod] Reward ","[SM_PartyMod] Reward ","[SM_PartyMod] Reward ","[SM_PartyMod] Reward ","[SM_PartyMod] Reward ","[SM_PartyMod] Reward ","[SM_PartyMod] Reward ","[SM_PartyMod] Reward ","[SM_PartyMod] Reward "
"STR_SMP_00178","[SM_PartyMod] Не удалось загрузить личные метки: ","[SM_PartyMod] Failed to load personal tags: ","[SM_PartyMod] Failed to load personal tags: ","[SM_PartyMod] Failed to load personal tags: ","[SM_PartyMod] Не удалось загрузить личные метки: ","[SM_PartyMod] Failed to load personal tags: ","[SM_PartyMod] Failed to load personal tags: ","[SM_PartyMod] Failed to load personal tags: ","[SM_PartyMod] Failed to load personal tags: ","[SM_PartyMod] Failed to load personal tags: ","[SM_PartyMod] Failed to load personal tags: ","[SM_PartyMod] Failed to load personal tags: ","[SM_PartyMod] Failed to load personal tags: ","[SM_PartyMod] Failed to load personal tags: "
"STR_SMP_00179","[SM_PartyMod] Не удалось загрузить настройки: ","[SM_PartyMod] Failed to load settings: ","[SM_PartyMod] Failed to load settings: ","[SM_PartyMod] Failed to load settings: ","[SM_PartyMod] Не удалось загрузить настройки: ","[SM_PartyMod] Failed to load settings: ","[SM_PartyMod] Failed to load settings: ","[SM_PartyMod] Failed to load settings: ","[SM_PartyMod] Failed to load settings: ","[SM_PartyMod] Failed to load settings: ","[SM_PartyMod] Failed to load settings: ","[SM_PartyMod] Failed to load settings: ","[SM_PartyMod] Failed to load settings: ","[SM_PartyMod] Failed to load settings: "
"STR_SMP_00180","[SM_PartyMod] Не удалось сохранить личные метки: ","[SM_PartyMod] Failed to save personal tags: ","[SM_PartyMod] Failed to save personal tags: ","[SM_PartyMod] Failed to save personal tags: ","[SM_PartyMod] Не удалось сохранить личные метки: ","[SM_PartyMod] Failed to save personal tags: ","[SM_PartyMod] Failed to save personal tags: ","[SM_PartyMod] Failed to save personal tags: ","[SM_PartyMod] Failed to save personal tags: ","[SM_PartyMod] Failed to save personal tags: ","[SM_PartyMod] Failed to save personal tags: ","[SM_PartyMod] Failed to save personal tags: ","[SM_PartyMod] Failed to save personal tags: ","[SM_PartyMod] Failed to save personal tags: "
"STR_SMP_00181","[SM_PartyMod] Не удалось сохранить настройки: ","[SM_PartyMod] Failed to save settings: ","[SM_PartyMod] Failed to save settings: ","[SM_PartyMod] Failed to save settings: ","[SM_PartyMod] Не удалось сохранить настройки: ","[SM_PartyMod] Failed to save settings: ","[SM_PartyMod] Failed to save settings: ","[SM_PartyMod] Failed to save settings: ","[SM_PartyMod] Failed to save settings: ","[SM_PartyMod] Failed to save settings: ","[SM_PartyMod] Failed to save settings: ","[SM_PartyMod] Failed to save settings: ","[SM_PartyMod] Failed to save settings: ","[SM_PartyMod] Failed to save settings: "
"STR_SMP_00182","[SM_PartyMod] Ошибка записи Achievements\Players.json: ","[SM_PartyMod] Error writing Achievements\Players.json: ","[SM_PartyMod] Error writing Achievements\Players.json: ","[SM_PartyMod] Error writing Achievements\Players.json: ","[SM_PartyMod] Ошибка записи Achievements\Players.json: ","[SM_PartyMod] Error writing Achievements\Players.json: ","[SM_PartyMod] Error writing Achievements\Players.json: ","[SM_PartyMod] Error writing Achievements\Players.json: ","[SM_PartyMod] Error writing Achievements\Players.json: ","[SM_PartyMod] Error writing Achievements\Players.json: ","[SM_PartyMod] Error writing Achievements\Players.json: ","[SM_PartyMod] Error writing Achievements\Players.json: ","[SM_PartyMod] Error writing Achievements\Players.json: ","[SM_PartyMod] Error writing Achievements\Players.json: "
"STR_SMP_00183","[SM_PartyMod] Ошибка записи Auction\State.json: ","[SM_PartyMod] Error writing Auction\State.json: ","[SM_PartyMod] Error writing Auction\State.json: ","[SM_PartyMod] Error writing Auction\State.json: ","[SM_PartyMod] Ошибка записи Auction\State.json: ","[SM_PartyMod] Error writing Auction\State.json: ","[SM_PartyMod] Error writing Auction\State.json: ","[SM_PartyMod] Error writing Auction\State.json: ","[SM_PartyMod] Error writing Auction\State.json: ","[SM_PartyMod] Error writing Auction\State.json: ","[SM_PartyMod] Error writing Auction\State.json: ","[SM_PartyMod] Error writing Auction\State.json: ","[SM_PartyMod] Error writing Auction\State.json: ","[SM_PartyMod] Error writing Auction\State.json: "
"STR_SMP_00184","[SM_PartyMod] Ошибка записи ChatMutes.json: ","[SM_PartyMod] Error writing ChatMutes.json: ","[SM_PartyMod] Error writing ChatMutes.json: ","[SM_PartyMod] Error writing ChatMutes.json: ","[SM_PartyMod] Ошибка записи ChatMutes.json: ","[SM_PartyMod] Error writing ChatMutes.json: ","[SM_PartyMod] Error writing ChatMutes.json: ","[SM_PartyMod] Error writing ChatMutes.json: ","[SM_PartyMod] Error writing ChatMutes.json: ","[SM_PartyMod] Error writing ChatMutes.json: ","[SM_PartyMod] Error writing ChatMutes.json: ","[SM_PartyMod] Error writing ChatMutes.json: ","[SM_PartyMod] Error writing ChatMutes.json: ","[SM_PartyMod] Error writing ChatMutes.json: "
"STR_SMP_00185","[SM_PartyMod] Ошибка записи Clans\Index.json: ","[SM_PartyMod] Error writing Clans\Index.json: ","[SM_PartyMod] Error writing Clans\Index.json: ","[SM_PartyMod] Error writing Clans\Index.json: ","[SM_PartyMod] Ошибка записи Clans\Index.json: ","[SM_PartyMod] Error writing Clans\Index.json: ","[SM_PartyMod] Error writing Clans\Index.json: ","[SM_PartyMod] Error writing Clans\Index.json: ","[SM_PartyMod] Error writing Clans\Index.json: ","[SM_PartyMod] Error writing Clans\Index.json: ","[SM_PartyMod] Error writing Clans\Index.json: ","[SM_PartyMod] Error writing Clans\Index.json: ","[SM_PartyMod] Error writing Clans\Index.json: ","[SM_PartyMod] Error writing Clans\Index.json: "
"STR_SMP_00186","[SM_PartyMod] Ошибка записи Contracts\State.json: ","[SM_PartyMod] Error writing Contracts\State.json: ","[SM_PartyMod] Error writing Contracts\State.json: ","[SM_PartyMod] Error writing Contracts\State.json: ","[SM_PartyMod] Ошибка записи Contracts\State.json: ","[SM_PartyMod] Error writing Contracts\State.json: ","[SM_PartyMod] Error writing Contracts\State.json: ","[SM_PartyMod] Error writing Contracts\State.json: ","[SM_PartyMod] Error writing Contracts\State.json: ","[SM_PartyMod] Error writing Contracts\State.json: ","[SM_PartyMod] Error writing Contracts\State.json: ","[SM_PartyMod] Error writing Contracts\State.json: ","[SM_PartyMod] Error writing Contracts\State.json: ","[SM_PartyMod] Error writing Contracts\State.json: "
"STR_SMP_00187","[SM_PartyMod] Ошибка записи Market\Index.json: ","[SM_PartyMod] Error writing Market\Index.json: ","[SM_PartyMod] Error writing Market\Index.json: ","[SM_PartyMod] Error writing Market\Index.json: ","[SM_PartyMod] Ошибка записи Market\Index.json: ","[SM_PartyMod] Error writing Market\Index.json: ","[SM_PartyMod] Error writing Market\Index.json: ","[SM_PartyMod] Error writing Market\Index.json: ","[SM_PartyMod] Error writing Market\Index.json: ","[SM_PartyMod] Error writing Market\Index.json: ","[SM_PartyMod] Error writing Market\Index.json: ","[SM_PartyMod] Error writing Market\Index.json: ","[SM_PartyMod] Error writing Market\Index.json: ","[SM_PartyMod] Error writing Market\Index.json: "
"STR_SMP_00188","[SM_PartyMod] Ошибка записи Market\PendingReturns.json: ","[SM_PartyMod] Error writing Market\PendingReturns.json: ","[SM_PartyMod] Error writing Market\PendingReturns.json: ","[SM_PartyMod] Error writing Market\PendingReturns.json: ","[SM_PartyMod] Ошибка записи Market\PendingReturns.json: ","[SM_PartyMod] Error writing Market\PendingReturns.json: ","[SM_PartyMod] Error writing Market\PendingReturns.json: ","[SM_PartyMod] Error writing Market\PendingReturns.json: ","[SM_PartyMod] Error writing Market\PendingReturns.json: ","[SM_PartyMod] Error writing Market\PendingReturns.json: ","[SM_PartyMod] Error writing Market\PendingReturns.json: ","[SM_PartyMod] Error writing Market\PendingReturns.json: ","[SM_PartyMod] Error writing Market\PendingReturns.json: ","[SM_PartyMod] Error writing Market\PendingReturns.json: "
"STR_SMP_00189","[SM_PartyMod] Ошибка записи PlayerExperience\Players.json: ","[SM_PartyMod] Error writing PlayerExperience\Players.json: ","[SM_PartyMod] Error writing PlayerExperience\Players.json: ","[SM_PartyMod] Error writing PlayerExperience\Players.json: ","[SM_PartyMod] Ошибка записи PlayerExperience\Players.json: ","[SM_PartyMod] Error writing PlayerExperience\Players.json: ","[SM_PartyMod] Error writing PlayerExperience\Players.json: ","[SM_PartyMod] Error writing PlayerExperience\Players.json: ","[SM_PartyMod] Error writing PlayerExperience\Players.json: ","[SM_PartyMod] Error writing PlayerExperience\Players.json: ","[SM_PartyMod] Error writing PlayerExperience\Players.json: ","[SM_PartyMod] Error writing PlayerExperience\Players.json: ","[SM_PartyMod] Error writing PlayerExperience\Players.json: ","[SM_PartyMod] Error writing PlayerExperience\Players.json: "
"STR_SMP_00190","[SM_PartyMod] Ошибка записи ServerMarket\State.json: ","[SM_PartyMod] Error writing ServerMarket\State.json: ","[SM_PartyMod] Error writing ServerMarket\State.json: ","[SM_PartyMod] Error writing ServerMarket\State.json: ","[SM_PartyMod] Ошибка записи ServerMarket\State.json: ","[SM_PartyMod] Error writing ServerMarket\State.json: ","[SM_PartyMod] Error writing ServerMarket\State.json: ","[SM_PartyMod] Error writing ServerMarket\State.json: ","[SM_PartyMod] Error writing ServerMarket\State.json: ","[SM_PartyMod] Error writing ServerMarket\State.json: ","[SM_PartyMod] Error writing ServerMarket\State.json: ","[SM_PartyMod] Error writing ServerMarket\State.json: ","[SM_PartyMod] Error writing ServerMarket\State.json: ","[SM_PartyMod] Error writing ServerMarket\State.json: "
"STR_SMP_00191","[SM_PartyMod] Ошибка записи Settings.json: ","[SM_PartyMod] Error writing Settings.json: ","[SM_PartyMod] Error writing Settings.json: ","[SM_PartyMod] Error writing Settings.json: ","[SM_PartyMod] Ошибка записи Settings.json: ","[SM_PartyMod] Error writing Settings.json: ","[SM_PartyMod] Error writing Settings.json: ","[SM_PartyMod] Error writing Settings.json: ","[SM_PartyMod] Error writing Settings.json: ","[SM_PartyMod] Error writing Settings.json: ","[SM_PartyMod] Error writing Settings.json: ","[SM_PartyMod] Error writing Settings.json: ","[SM_PartyMod] Error writing Settings.json: ","[SM_PartyMod] Error writing Settings.json: "
"STR_SMP_00192","[SM_PartyMod] Ошибка записи Storage\Index.json: ","[SM_PartyMod] Error writing Storage\Index.json: ","[SM_PartyMod] Error writing Storage\Index.json: ","[SM_PartyMod] Error writing Storage\Index.json: ","[SM_PartyMod] Ошибка записи Storage\Index.json: ","[SM_PartyMod] Error writing Storage\Index.json: ","[SM_PartyMod] Error writing Storage\Index.json: ","[SM_PartyMod] Error writing Storage\Index.json: ","[SM_PartyMod] Error writing Storage\Index.json: ","[SM_PartyMod] Error writing Storage\Index.json: ","[SM_PartyMod] Error writing Storage\Index.json: ","[SM_PartyMod] Error writing Storage\Index.json: ","[SM_PartyMod] Error writing Storage\Index.json: ","[SM_PartyMod] Error writing Storage\Index.json: "
"STR_SMP_00193","[SM_PartyMod] Ошибка записи Storage\PendingReturns.json: ","[SM_PartyMod] Error writing Storage\PendingReturns.json: ","[SM_PartyMod] Error writing Storage\PendingReturns.json: ","[SM_PartyMod] Error writing Storage\PendingReturns.json: ","[SM_PartyMod] Ошибка записи Storage\PendingReturns.json: ","[SM_PartyMod] Error writing Storage\PendingReturns.json: ","[SM_PartyMod] Error writing Storage\PendingReturns.json: ","[SM_PartyMod] Error writing Storage\PendingReturns.json: ","[SM_PartyMod] Error writing Storage\PendingReturns.json: ","[SM_PartyMod] Error writing Storage\PendingReturns.json: ","[SM_PartyMod] Error writing Storage\PendingReturns.json: ","[SM_PartyMod] Error writing Storage\PendingReturns.json: ","[SM_PartyMod] Error writing Storage\PendingReturns.json: ","[SM_PartyMod] Error writing Storage\PendingReturns.json: "
"STR_SMP_00194","[SM_PartyMod] Ошибка записи клана ","[SM_PartyMod] Clan entry error ","[SM_PartyMod] Clan entry error ","[SM_PartyMod] Clan entry error ","[SM_PartyMod] Ошибка записи клана ","[SM_PartyMod] Clan entry error ","[SM_PartyMod] Clan entry error ","[SM_PartyMod] Clan entry error ","[SM_PartyMod] Clan entry error ","[SM_PartyMod] Clan entry error ","[SM_PartyMod] Clan entry error ","[SM_PartyMod] Clan entry error ","[SM_PartyMod] Clan entry error ","[SM_PartyMod] Clan entry error "
"STR_SMP_00195","[SM_PartyMod] Ошибка записи лота ","[SM_PartyMod] Lot entry error ","[SM_PartyMod] Lot entry error ","[SM_PartyMod] Lot entry error ","[SM_PartyMod] Ошибка записи лота ","[SM_PartyMod] Lot entry error ","[SM_PartyMod] Lot entry error ","[SM_PartyMod] Lot entry error ","[SM_PartyMod] Lot entry error ","[SM_PartyMod] Lot entry error ","[SM_PartyMod] Lot entry error ","[SM_PartyMod] Lot entry error ","[SM_PartyMod] Lot entry error ","[SM_PartyMod] Lot entry error "
"STR_SMP_00196","[SM_PartyMod] Ошибка записи склада ","[SM_PartyMod] Storage entry error ","[SM_PartyMod] Storage entry error ","[SM_PartyMod] Storage entry error ","[SM_PartyMod] Ошибка записи склада ","[SM_PartyMod] Storage entry error ","[SM_PartyMod] Storage entry error ","[SM_PartyMod] Storage entry error ","[SM_PartyMod] Storage entry error ","[SM_PartyMod] Storage entry error ","[SM_PartyMod] Storage entry error ","[SM_PartyMod] Storage entry error ","[SM_PartyMod] Storage entry error ","[SM_PartyMod] Storage entry error "
"STR_SMP_00197","[SM_PartyMod] Ошибка миграции старого Settings.json: ","[SM_PartyMod] Error migrating old Settings.json: ","[SM_PartyMod] Error migrating old Settings.json: ","[SM_PartyMod] Error migrating old Settings.json: ","[SM_PartyMod] Ошибка миграции старого Settings.json: ","[SM_PartyMod] Error migrating old Settings.json: ","[SM_PartyMod] Error migrating old Settings.json: ","[SM_PartyMod] Error migrating old Settings.json: ","[SM_PartyMod] Error migrating old Settings.json: ","[SM_PartyMod] Error migrating old Settings.json: ","[SM_PartyMod] Error migrating old Settings.json: ","[SM_PartyMod] Error migrating old Settings.json: ","[SM_PartyMod] Error migrating old Settings.json: ","[SM_PartyMod] Error migrating old Settings.json: "
"STR_SMP_00198","[SM_PartyMod] Ошибка чтения Achievements\Players.json: ","[SM_PartyMod] Error reading Achievements\Players.json: ","[SM_PartyMod] Error reading Achievements\Players.json: ","[SM_PartyMod] Error reading Achievements\Players.json: ","[SM_PartyMod] Ошибка чтения Achievements\Players.json: ","[SM_PartyMod] Error reading Achievements\Players.json: ","[SM_PartyMod] Error reading Achievements\Players.json: ","[SM_PartyMod] Error reading Achievements\Players.json: ","[SM_PartyMod] Error reading Achievements\Players.json: ","[SM_PartyMod] Error reading Achievements\Players.json: ","[SM_PartyMod] Error reading Achievements\Players.json: ","[SM_PartyMod] Error reading Achievements\Players.json: ","[SM_PartyMod] Error reading Achievements\Players.json: ","[SM_PartyMod] Error reading Achievements\Players.json: "
"STR_SMP_00199","[SM_PartyMod] Ошибка чтения Auction\State.json: ","[SM_PartyMod] Error reading Auction\State.json: ","[SM_PartyMod] Error reading Auction\State.json: ","[SM_PartyMod] Error reading Auction\State.json: ","[SM_PartyMod] Ошибка чтения Auction\State.json: ","[SM_PartyMod] Error reading Auction\State.json: ","[SM_PartyMod] Error reading Auction\State.json: ","[SM_PartyMod] Error reading Auction\State.json: ","[SM_PartyMod] Error reading Auction\State.json: ","[SM_PartyMod] Error reading Auction\State.json: ","[SM_PartyMod] Error reading Auction\State.json: ","[SM_PartyMod] Error reading Auction\State.json: ","[SM_PartyMod] Error reading Auction\State.json: ","[SM_PartyMod] Error reading Auction\State.json: "
"STR_SMP_00200","[SM_PartyMod] Ошибка чтения ChatMutes.json: ","[SM_PartyMod] Error reading ChatMutes.json: ","[SM_PartyMod] Error reading ChatMutes.json: ","[SM_PartyMod] Error reading ChatMutes.json: ","[SM_PartyMod] Ошибка чтения ChatMutes.json: ","[SM_PartyMod] Error reading ChatMutes.json: ","[SM_PartyMod] Error reading ChatMutes.json: ","[SM_PartyMod] Error reading ChatMutes.json: ","[SM_PartyMod] Error reading ChatMutes.json: ","[SM_PartyMod] Error reading ChatMutes.json: ","[SM_PartyMod] Error reading ChatMutes.json: ","[SM_PartyMod] Error reading ChatMutes.json: ","[SM_PartyMod] Error reading ChatMutes.json: ","[SM_PartyMod] Error reading ChatMutes.json: "
"STR_SMP_00201","[SM_PartyMod] Ошибка чтения Clans\Index.json: ","[SM_PartyMod] Error reading Clans\Index.json: ","[SM_PartyMod] Error reading Clans\Index.json: ","[SM_PartyMod] Error reading Clans\Index.json: ","[SM_PartyMod] Ошибка чтения Clans\Index.json: ","[SM_PartyMod] Error reading Clans\Index.json: ","[SM_PartyMod] Error reading Clans\Index.json: ","[SM_PartyMod] Error reading Clans\Index.json: ","[SM_PartyMod] Error reading Clans\Index.json: ","[SM_PartyMod] Error reading Clans\Index.json: ","[SM_PartyMod] Error reading Clans\Index.json: ","[SM_PartyMod] Error reading Clans\Index.json: ","[SM_PartyMod] Error reading Clans\Index.json: ","[SM_PartyMod] Error reading Clans\Index.json: "
"STR_SMP_00202","[SM_PartyMod] Ошибка чтения Contracts\State.json: ","[SM_PartyMod] Error reading Contracts\State.json: ","[SM_PartyMod] Error reading Contracts\State.json: ","[SM_PartyMod] Error reading Contracts\State.json: ","[SM_PartyMod] Ошибка чтения Contracts\State.json: ","[SM_PartyMod] Error reading Contracts\State.json: ","[SM_PartyMod] Error reading Contracts\State.json: ","[SM_PartyMod] Error reading Contracts\State.json: ","[SM_PartyMod] Error reading Contracts\State.json: ","[SM_PartyMod] Error reading Contracts\State.json: ","[SM_PartyMod] Error reading Contracts\State.json: ","[SM_PartyMod] Error reading Contracts\State.json: ","[SM_PartyMod] Error reading Contracts\State.json: ","[SM_PartyMod] Error reading Contracts\State.json: "
"STR_SMP_00203","[SM_PartyMod] Ошибка чтения Market\Index.json: ","[SM_PartyMod] Error reading Market\Index.json: ","[SM_PartyMod] Error reading Market\Index.json: ","[SM_PartyMod] Error reading Market\Index.json: ","[SM_PartyMod] Ошибка чтения Market\Index.json: ","[SM_PartyMod] Error reading Market\Index.json: ","[SM_PartyMod] Error reading Market\Index.json: ","[SM_PartyMod] Error reading Market\Index.json: ","[SM_PartyMod] Error reading Market\Index.json: ","[SM_PartyMod] Error reading Market\Index.json: ","[SM_PartyMod] Error reading Market\Index.json: ","[SM_PartyMod] Error reading Market\Index.json: ","[SM_PartyMod] Error reading Market\Index.json: ","[SM_PartyMod] Error reading Market\Index.json: "
"STR_SMP_00204","[SM_PartyMod] Ошибка чтения Market\PendingReturns.json: ","[SM_PartyMod] Error reading Market\PendingReturns.json: ","[SM_PartyMod] Error reading Market\PendingReturns.json: ","[SM_PartyMod] Error reading Market\PendingReturns.json: ","[SM_PartyMod] Ошибка чтения Market\PendingReturns.json: ","[SM_PartyMod] Error reading Market\PendingReturns.json: ","[SM_PartyMod] Error reading Market\PendingReturns.json: ","[SM_PartyMod] Error reading Market\PendingReturns.json: ","[SM_PartyMod] Error reading Market\PendingReturns.json: ","[SM_PartyMod] Error reading Market\PendingReturns.json: ","[SM_PartyMod] Error reading Market\PendingReturns.json: ","[SM_PartyMod] Error reading Market\PendingReturns.json: ","[SM_PartyMod] Error reading Market\PendingReturns.json: ","[SM_PartyMod] Error reading Market\PendingReturns.json: "
"STR_SMP_00205","[SM_PartyMod] Ошибка чтения PlayerExperience\Players.json: ","[SM_PartyMod] Error reading PlayerExperience\Players.json: ","[SM_PartyMod] Error reading PlayerExperience\Players.json: ","[SM_PartyMod] Error reading PlayerExperience\Players.json: ","[SM_PartyMod] Ошибка чтения PlayerExperience\Players.json: ","[SM_PartyMod] Error reading PlayerExperience\Players.json: ","[SM_PartyMod] Error reading PlayerExperience\Players.json: ","[SM_PartyMod] Error reading PlayerExperience\Players.json: ","[SM_PartyMod] Error reading PlayerExperience\Players.json: ","[SM_PartyMod] Error reading PlayerExperience\Players.json: ","[SM_PartyMod] Error reading PlayerExperience\Players.json: ","[SM_PartyMod] Error reading PlayerExperience\Players.json: ","[SM_PartyMod] Error reading PlayerExperience\Players.json: ","[SM_PartyMod] Error reading PlayerExperience\Players.json: "
"STR_SMP_00206","[SM_PartyMod] Ошибка чтения ServerMarket\State.json: ","[SM_PartyMod] Error reading ServerMarket\State.json: ","[SM_PartyMod] Error reading ServerMarket\State.json: ","[SM_PartyMod] Error reading ServerMarket\State.json: ","[SM_PartyMod] Ошибка чтения ServerMarket\State.json: ","[SM_PartyMod] Error reading ServerMarket\State.json: ","[SM_PartyMod] Error reading ServerMarket\State.json: ","[SM_PartyMod] Error reading ServerMarket\State.json: ","[SM_PartyMod] Error reading ServerMarket\State.json: ","[SM_PartyMod] Error reading ServerMarket\State.json: ","[SM_PartyMod] Error reading ServerMarket\State.json: ","[SM_PartyMod] Error reading ServerMarket\State.json: ","[SM_PartyMod] Error reading ServerMarket\State.json: ","[SM_PartyMod] Error reading ServerMarket\State.json: "
"STR_SMP_00207","[SM_PartyMod] Ошибка чтения Settings.json: ","[SM_PartyMod] Error reading Settings.json: ","[SM_PartyMod] Error reading Settings.json: ","[SM_PartyMod] Error reading Settings.json: ","[SM_PartyMod] Ошибка чтения Settings.json: ","[SM_PartyMod] Error reading Settings.json: ","[SM_PartyMod] Error reading Settings.json: ","[SM_PartyMod] Error reading Settings.json: ","[SM_PartyMod] Error reading Settings.json: ","[SM_PartyMod] Error reading Settings.json: ","[SM_PartyMod] Error reading Settings.json: ","[SM_PartyMod] Error reading Settings.json: ","[SM_PartyMod] Error reading Settings.json: ","[SM_PartyMod] Error reading Settings.json: "
"STR_SMP_00208","[SM_PartyMod] Ошибка чтения Storage\Index.json: ","[SM_PartyMod] Error reading Storage\Index.json: ","[SM_PartyMod] Error reading Storage\Index.json: ","[SM_PartyMod] Error reading Storage\Index.json: ","[SM_PartyMod] Ошибка чтения Storage\Index.json: ","[SM_PartyMod] Error reading Storage\Index.json: ","[SM_PartyMod] Error reading Storage\Index.json: ","[SM_PartyMod] Error reading Storage\Index.json: ","[SM_PartyMod] Error reading Storage\Index.json: ","[SM_PartyMod] Error reading Storage\Index.json: ","[SM_PartyMod] Error reading Storage\Index.json: ","[SM_PartyMod] Error reading Storage\Index.json: ","[SM_PartyMod] Error reading Storage\Index.json: ","[SM_PartyMod] Error reading Storage\Index.json: "
"STR_SMP_00209","[SM_PartyMod] Ошибка чтения Storage\PendingReturns.json: ","[SM_PartyMod] Error reading Storage\PendingReturns.json: ","[SM_PartyMod] Error reading Storage\PendingReturns.json: ","[SM_PartyMod] Error reading Storage\PendingReturns.json: ","[SM_PartyMod] Ошибка чтения Storage\PendingReturns.json: ","[SM_PartyMod] Error reading Storage\PendingReturns.json: ","[SM_PartyMod] Error reading Storage\PendingReturns.json: ","[SM_PartyMod] Error reading Storage\PendingReturns.json: ","[SM_PartyMod] Error reading Storage\PendingReturns.json: ","[SM_PartyMod] Error reading Storage\PendingReturns.json: ","[SM_PartyMod] Error reading Storage\PendingReturns.json: ","[SM_PartyMod] Error reading Storage\PendingReturns.json: ","[SM_PartyMod] Error reading Storage\PendingReturns.json: ","[SM_PartyMod] Error reading Storage\PendingReturns.json: "
"STR_SMP_00210","[SM_PartyMod] Ошибка чтения клана ","[SM_PartyMod] Error reading clan ","[SM_PartyMod] Error reading clan ","[SM_PartyMod] Error reading clan ","[SM_PartyMod] Ошибка чтения клана ","[SM_PartyMod] Error reading clan ","[SM_PartyMod] Error reading clan ","[SM_PartyMod] Error reading clan ","[SM_PartyMod] Error reading clan ","[SM_PartyMod] Error reading clan ","[SM_PartyMod] Error reading clan ","[SM_PartyMod] Error reading clan ","[SM_PartyMod] Error reading clan ","[SM_PartyMod] Error reading clan "
"STR_SMP_00211","[SM_PartyMod] Ошибка чтения лота ","[SM_PartyMod] Lot reading error ","[SM_PartyMod] Lot reading error ","[SM_PartyMod] Lot reading error ","[SM_PartyMod] Ошибка чтения лота ","[SM_PartyMod] Lot reading error ","[SM_PartyMod] Lot reading error ","[SM_PartyMod] Lot reading error ","[SM_PartyMod] Lot reading error ","[SM_PartyMod] Lot reading error ","[SM_PartyMod] Lot reading error ","[SM_PartyMod] Lot reading error ","[SM_PartyMod] Lot reading error ","[SM_PartyMod] Lot reading error "
"STR_SMP_00212","[SM_PartyMod] Ошибка чтения склада ","[SM_PartyMod] Error reading storage ","[SM_PartyMod] Error reading storage ","[SM_PartyMod] Error reading storage ","[SM_PartyMod] Ошибка чтения склада ","[SM_PartyMod] Error reading storage ","[SM_PartyMod] Error reading storage ","[SM_PartyMod] Error reading storage ","[SM_PartyMod] Error reading storage ","[SM_PartyMod] Error reading storage ","[SM_PartyMod] Error reading storage ","[SM_PartyMod] Error reading storage ","[SM_PartyMod] Error reading storage ","[SM_PartyMod] Error reading storage "
"STR_SMP_00213","[SM_PartyMod] Пропущен небезопасный файл клана в Index.json: ","[SM_PartyMod] Skipped unsafe clan file in Index.json: ","[SM_PartyMod] Skipped unsafe clan file in Index.json: ","[SM_PartyMod] Skipped unsafe clan file in Index.json: ","[SM_PartyMod] Пропущен небезопасный файл клана в Index.json: ","[SM_PartyMod] Skipped unsafe clan file in Index.json: ","[SM_PartyMod] Skipped unsafe clan file in Index.json: ","[SM_PartyMod] Skipped unsafe clan file in Index.json: ","[SM_PartyMod] Skipped unsafe clan file in Index.json: ","[SM_PartyMod] Skipped unsafe clan file in Index.json: ","[SM_PartyMod] Skipped unsafe clan file in Index.json: ","[SM_PartyMod] Skipped unsafe clan file in Index.json: ","[SM_PartyMod] Skipped unsafe clan file in Index.json: ","[SM_PartyMod] Skipped unsafe clan file in Index.json: "
"STR_SMP_00214","[SM_PartyMod] Пропущен небезопасный файл склада в Index.json: ","[SM_PartyMod] Skipped unsafe storage file in Index.json: ","[SM_PartyMod] Skipped unsafe storage file in Index.json: ","[SM_PartyMod] Skipped unsafe storage file in Index.json: ","[SM_PartyMod] Пропущен небезопасный файл склада в Index.json: ","[SM_PartyMod] Skipped unsafe storage file in Index.json: ","[SM_PartyMod] Skipped unsafe storage file in Index.json: ","[SM_PartyMod] Skipped unsafe storage file in Index.json: ","[SM_PartyMod] Skipped unsafe storage file in Index.json: ","[SM_PartyMod] Skipped unsafe storage file in Index.json: ","[SM_PartyMod] Skipped unsafe storage file in Index.json: ","[SM_PartyMod] Skipped unsafe storage file in Index.json: ","[SM_PartyMod] Skipped unsafe storage file in Index.json: ","[SM_PartyMod] Skipped unsafe storage file in Index.json: "
"STR_SMP_00215","[SM_PartyMod] Рынок: ","[SM_PartyMod] Market: ","[SM_PartyMod] Market: ","[SM_PartyMod] Market: ","[SM_PartyMod] Рынок: ","[SM_PartyMod] Market: ","[SM_PartyMod] Market: ","[SM_PartyMod] Market: ","[SM_PartyMod] Market: ","[SM_PartyMod] Market: ","[SM_PartyMod] Market: ","[SM_PartyMod] Market: ","[SM_PartyMod] Market: ","[SM_PartyMod] Market: "
"STR_SMP_00216","[SM_PartyMod] Серверный маркет: ","[SM_PartyMod] Server Market: ","[SM_PartyMod] Server Market: ","[SM_PartyMod] Server Market: ","[SM_PartyMod] Серверный маркет: ","[SM_PartyMod] Server Market: ","[SM_PartyMod] Server Market: ","[SM_PartyMod] Server Market: ","[SM_PartyMod] Server Market: ","[SM_PartyMod] Server Market: ","[SM_PartyMod] Server Market: ","[SM_PartyMod] Server Market: ","[SM_PartyMod] Server Market: ","[SM_PartyMod] Server Market: "
"STR_SMP_00217","[SM_PartyMod] Серверный маркет: новая ротация ","[SM_PartyMod] Server market: new rotation ","[SM_PartyMod] Server market: new rotation ","[SM_PartyMod] Server market: new rotation ","[SM_PartyMod] Серверный маркет: новая ротация ","[SM_PartyMod] Server market: new rotation ","[SM_PartyMod] Server market: new rotation ","[SM_PartyMod] Server market: new rotation ","[SM_PartyMod] Server market: new rotation ","[SM_PartyMod] Server market: new rotation ","[SM_PartyMod] Server market: new rotation ","[SM_PartyMod] Server market: new rotation ","[SM_PartyMod] Server market: new rotation ","[SM_PartyMod] Server market: new rotation "
"STR_SMP_00218","[SM_PartyMod] Создан клан ""","[SM_PartyMod] Clan created ""","[SM_PartyMod] Clan created ""","[SM_PartyMod] Clan created ""","[SM_PartyMod] Создан клан ""","[SM_PartyMod] Clan created ""","[SM_PartyMod] Clan created ""","[SM_PartyMod] Clan created ""","[SM_PartyMod] Clan created ""","[SM_PartyMod] Clan created ""","[SM_PartyMod] Clan created ""","[SM_PartyMod] Clan created ""","[SM_PartyMod] Clan created ""","[SM_PartyMod] Clan created """
"STR_SMP_00219","«-» / «+» меняют числовые значения. История чата листается PgUp/PgDn. Для дистанций 0 м = без лимита. Тумблер (иконка справа) — клик переключает Вкл/Выкл. «Показ участников» открывает список, кого показывать в HUD. Настройки сохраняются автоматически.","""-"" / ""+"" change the numeric values. The chat history is scrolled through PgUp/PgDn. For distances 0 m = no limit. Toggle switch (icon on the right) - click toggles On/Off. “Show Participants” opens a list of who to show in the HUD. The settings are saved automatically.","""-"" / ""+"" change the numeric values. The chat history is scrolled through PgUp/PgDn. For distances 0 m = no limit. Toggle switch (icon on the right) - click toggles On/Off. “Show Participants” opens a list of who to show in the HUD. The settings are saved automatically.","""-"" / ""+"" change the numeric values. The chat history is scrolled through PgUp/PgDn. For distances 0 m = no limit. Toggle switch (icon on the right) - click toggles On/Off. “Show Participants” opens a list of who to show in the HUD. The settings are saved automatically.","«-» / «+» меняют числовые значения. История чата листается PgUp/PgDn. Для дистанций 0 м = без лимита. Тумблер (иконка справа) — клик переключает Вкл/Выкл. «Показ участников» открывает список, кого показывать в HUD. Настройки сохраняются автоматически.","""-"" / ""+"" change the numeric values. The chat history is scrolled through PgUp/PgDn. For distances 0 m = no limit. Toggle switch (icon on the right) - click toggles On/Off. “Show Participants” opens a list of who to show in the HUD. The settings are saved automatically.","""-"" / ""+"" change the numeric values. The chat history is scrolled through PgUp/PgDn. For distances 0 m = no limit. Toggle switch (icon on the right) - click toggles On/Off. “Show Participants” opens a list of who to show in the HUD. The settings are saved automatically.","""-"" / ""+"" change the numeric values. The chat history is scrolled through PgUp/PgDn. For distances 0 m = no limit. Toggle switch (icon on the right) - click toggles On/Off. “Show Participants” opens a list of who to show in the HUD. The settings are saved automatically.","""-"" / ""+"" change the numeric values. The chat history is scrolled through PgUp/PgDn. For distances 0 m = no limit. Toggle switch (icon on the right) - click toggles On/Off. “Show Participants” opens a list of who to show in the HUD. The settings are saved automatically.","""-"" / ""+"" change the numeric values. The chat history is scrolled through PgUp/PgDn. For distances 0 m = no limit. Toggle switch (icon on the right) - click toggles On/Off. “Show Participants” opens a list of who to show in the HUD. The settings are saved automatically.","""-"" / ""+"" change the numeric values. The chat history is scrolled through PgUp/PgDn. For distances 0 m = no limit. Toggle switch (icon on the right) - click toggles On/Off. “Show Participants” opens a list of who to show in the HUD. The settings are saved automatically.","""-"" / ""+"" change the numeric values. The chat history is scrolled through PgUp/PgDn. For distances 0 m = no limit. Toggle switch (icon on the right) - click toggles On/Off. “Show Participants” opens a list of who to show in the HUD. The settings are saved automatically.","""-"" / ""+"" change the numeric values. The chat history is scrolled through PgUp/PgDn. For distances 0 m = no limit. Toggle switch (icon on the right) - click toggles On/Off. “Show Participants” opens a list of who to show in the HUD. The settings are saved automatically.","""-"" / ""+"" change the numeric values. The chat history is scrolled through PgUp/PgDn. For distances 0 m = no limit. Toggle switch (icon on the right) - click toggles On/Off. “Show Participants” opens a list of who to show in the HUD. The settings are saved automatically."
"STR_SMP_00220","«Внести всё» списывает всю валюту из инвентаря. «Внести сумму» — только указанное число денег. Снятая валюта выдаётся в инвентарь, не поместившееся — под ноги.","“Deposit everything” deducts all currency from the inventory. “Deposit amount” – only the specified amount of money. The withdrawn currency is given to the inventory, and what does not fit is given to the feet.","“Deposit everything” deducts all currency from the inventory. “Deposit amount” – only the specified amount of money. The withdrawn currency is given to the inventory, and what does not fit is given to the feet.","“Deposit everything” deducts all currency from the inventory. “Deposit amount” – only the specified amount of money. The withdrawn currency is given to the inventory, and what does not fit is given to the feet.","«Внести всё» списывает всю валюту из инвентаря. «Внести сумму» — только указанное число денег. Снятая валюта выдаётся в инвентарь, не поместившееся — под ноги.","“Deposit everything” deducts all currency from the inventory. “Deposit amount” – only the specified amount of money. The withdrawn currency is given to the inventory, and what does not fit is given to the feet.","“Deposit everything” deducts all currency from the inventory. “Deposit amount” – only the specified amount of money. The withdrawn currency is given to the inventory, and what does not fit is given to the feet.","“Deposit everything” deducts all currency from the inventory. “Deposit amount” – only the specified amount of money. The withdrawn currency is given to the inventory, and what does not fit is given to the feet.","“Deposit everything” deducts all currency from the inventory. “Deposit amount” – only the specified amount of money. The withdrawn currency is given to the inventory, and what does not fit is given to the feet.","“Deposit everything” deducts all currency from the inventory. “Deposit amount” – only the specified amount of money. The withdrawn currency is given to the inventory, and what does not fit is given to the feet.","“Deposit everything” deducts all currency from the inventory. “Deposit amount” – only the specified amount of money. The withdrawn currency is given to the inventory, and what does not fit is given to the feet.","“Deposit everything” deducts all currency from the inventory. “Deposit amount” – only the specified amount of money. The withdrawn currency is given to the inventory, and what does not fit is given to the feet.","“Deposit everything” deducts all currency from the inventory. “Deposit amount” – only the specified amount of money. The withdrawn currency is given to the inventory, and what does not fit is given to the feet.","“Deposit everything” deducts all currency from the inventory. “Deposit amount” – only the specified amount of money. The withdrawn currency is given to the inventory, and what does not fit is given to the feet."
"STR_SMP_00221","» — ранг «",""" - rank """,""" - rank """,""" - rank ""","» — ранг «",""" - rank """,""" - rank """,""" - rank """,""" - rank """,""" - rank """,""" - rank """,""" - rank """,""" - rank """,""" - rank """
"STR_SMP_00222","» и выше","» and higher","» and higher","» and higher","» и выше","» and higher","» and higher","» and higher","» and higher","» and higher","» and higher","» and higher","» and higher","» and higher"
"STR_SMP_00223","0 сек","0 sec","0 sec","0 sec","0 сек","0 sec","0 sec","0 sec","0 sec","0 sec","0 sec","0 sec","0 sec","0 sec"
"STR_SMP_00224","2× клик — точка · колесо — зум · ЛКМ — сдвиг","2× click – point · wheel – zoom LMB – shift","2× click – point · wheel – zoom LMB – shift","2× click – point · wheel – zoom LMB – shift","2× клик — точка · колесо — зум · ЛКМ — сдвиг","2× click – point · wheel – zoom LMB – shift","2× click – point · wheel – zoom LMB – shift","2× click – point · wheel – zoom LMB – shift","2× click – point · wheel – zoom LMB – shift","2× click – point · wheel – zoom LMB – shift","2× click – point · wheel – zoom LMB – shift","2× click – point · wheel – zoom LMB – shift","2× click – point · wheel – zoom LMB – shift","2× click – point · wheel – zoom LMB – shift"
"STR_SMP_00225","3D-метки игроков","3D player markers","3D player markers","3D player markers","3D-метки игроков","3D player markers","3D player markers","3D player markers","3D player markers","3D player markers","3D player markers","3D player markers","3D player markers","3D player markers"
"STR_SMP_00226","Ctrl +/- - размер ","Ctrl +/- - size ","Ctrl +/- - size ","Ctrl +/- - size ","Ctrl +/- - размер ","Ctrl +/- - size ","Ctrl +/- - size ","Ctrl +/- - size ","Ctrl +/- - size ","Ctrl +/- - size ","Ctrl +/- - size ","Ctrl +/- - size ","Ctrl +/- - size ","Ctrl +/- - size "
"STR_SMP_00227","HUD клана","Clan HUD","Clan HUD","Clan HUD","HUD клана","Clan HUD","Clan HUD","Clan HUD","Clan HUD","Clan HUD","Clan HUD","Clan HUD","Clan HUD","Clan HUD"
"STR_SMP_00228","K/D считается как убийства игроков / смерти участников клана.","K/D counts as player kills/clan member deaths.","K/D counts as player kills/clan member deaths.","K/D counts as player kills/clan member deaths.","K/D считается как убийства игроков / смерти участников клана.","K/D counts as player kills/clan member deaths.","K/D counts as player kills/clan member deaths.","K/D counts as player kills/clan member deaths.","K/D counts as player kills/clan member deaths.","K/D counts as player kills/clan member deaths.","K/D counts as player kills/clan member deaths.","K/D counts as player kills/clan member deaths.","K/D counts as player kills/clan member deaths.","K/D counts as player kills/clan member deaths."
"STR_SMP_00229","PgUp/PgDn - история · ","PgUp/PgDn - history · ","PgUp/PgDn - history · ","PgUp/PgDn - history · ","PgUp/PgDn - история · ","PgUp/PgDn - history · ","PgUp/PgDn - history · ","PgUp/PgDn - history · ","PgUp/PgDn - history · ","PgUp/PgDn - history · ","PgUp/PgDn - history · ","PgUp/PgDn - history · ","PgUp/PgDn - history · ","PgUp/PgDn - history · "
"STR_SMP_00230","Settings.json обновлён","Settings.json updated","Settings.json updated","Settings.json updated","Settings.json обновлён","Settings.json updated","Settings.json updated","Settings.json updated","Settings.json updated","Settings.json updated","Settings.json updated","Settings.json updated","Settings.json updated","Settings.json updated"
"STR_SMP_00231","Settings.json обновлён без перезапуска","Settings.json updated without restart","Settings.json updated without restart","Settings.json updated without restart","Settings.json обновлён без перезапуска","Settings.json updated without restart","Settings.json updated without restart","Settings.json updated without restart","Settings.json updated without restart","Settings.json updated without restart","Settings.json updated without restart","Settings.json updated without restart","Settings.json updated without restart","Settings.json updated without restart"
"STR_SMP_00232","Tab - канал · ","Tab - channel · ","Tab - channel · ","Tab - channel · ","Tab - канал · ","Tab - channel · ","Tab - channel · ","Tab - channel · ","Tab - channel · ","Tab - channel · ","Tab - channel · ","Tab - channel · ","Tab - channel · ","Tab - channel · "
"STR_SMP_00233","Webhook клана не настроен","Clan webhook is not configured","Clan webhook is not configured","Clan webhook is not configured","Webhook клана не настроен","Clan webhook is not configured","Clan webhook is not configured","Clan webhook is not configured","Clan webhook is not configured","Clan webhook is not configured","Clan webhook is not configured","Clan webhook is not configured","Clan webhook is not configured","Clan webhook is not configured"
"STR_SMP_00234","Webhook клана очищен","Clan webhook cleared","Clan webhook cleared","Clan webhook cleared","Webhook клана очищен","Clan webhook cleared","Clan webhook cleared","Clan webhook cleared","Clan webhook cleared","Clan webhook cleared","Clan webhook cleared","Clan webhook cleared","Clan webhook cleared","Clan webhook cleared"
"STR_SMP_00235","Webhook клана подключен","Clan webhook connected","Clan webhook connected","Clan webhook connected","Webhook клана подключен","Clan webhook connected","Clan webhook connected","Clan webhook connected","Clan webhook connected","Clan webhook connected","Clan webhook connected","Clan webhook connected","Clan webhook connected","Clan webhook connected"
"STR_SMP_00236","Webhook клана сохранён","Clan webhook saved","Clan webhook saved","Clan webhook saved","Webhook клана сохранён","Clan webhook saved","Clan webhook saved","Clan webhook saved","Clan webhook saved","Clan webhook saved","Clan webhook saved","Clan webhook saved","Clan webhook saved","Clan webhook saved"
"STR_SMP_00237","Webhook: включён","Webhook: enabled","Webhook: enabled","Webhook: enabled","Webhook: включён","Webhook: enabled","Webhook: enabled","Webhook: enabled","Webhook: enabled","Webhook: enabled","Webhook: enabled","Webhook: enabled","Webhook: enabled","Webhook: enabled"
"STR_SMP_00238","Webhook: выключен","Webhook: disabled","Webhook: disabled","Webhook: disabled","Webhook: выключен","Webhook: disabled","Webhook: disabled","Webhook: disabled","Webhook: disabled","Webhook: disabled","Webhook: disabled","Webhook: disabled","Webhook: disabled","Webhook: disabled"
"STR_SMP_00239","Webhook: не настроен","Webhook: not configured","Webhook: not configured","Webhook: not configured","Webhook: не настроен","Webhook: not configured","Webhook: not configured","Webhook: not configured","Webhook: not configured","Webhook: not configured","Webhook: not configured","Webhook: not configured","Webhook: not configured","Webhook: not configured"
"STR_SMP_00240","Админ","Admin","Admin","Admin","Админ","Admin","Admin","Admin","Admin","Admin","Admin","Admin","Admin","Admin"
"STR_SMP_00241","Админ ","Admin ","Admin ","Admin ","Админ ","Admin ","Admin ","Admin ","Admin ","Admin ","Admin ","Admin ","Admin ","Admin "
"STR_SMP_00242","Админ журнал чата","Admin chat log","Admin chat log","Admin chat log","Админ журнал чата","Admin chat log","Admin chat log","Admin chat log","Admin chat log","Admin chat log","Admin chat log","Admin chat log","Admin chat log","Admin chat log"
"STR_SMP_00243","Админ меню","Admin menu","Admin menu","Admin menu","Админ меню","Admin menu","Admin menu","Admin menu","Admin menu","Admin menu","Admin menu","Admin menu","Admin menu","Admin menu"
"STR_SMP_00244","Админ может заменить картинку через путь к PAA в конфиге.","The admin can replace the image via the path to the PAA in the config.","The admin can replace the image via the path to the PAA in the config.","The admin can replace the image via the path to the PAA in the config.","Админ может заменить картинку через путь к PAA в конфиге.","The admin can replace the image via the path to the PAA in the config.","The admin can replace the image via the path to the PAA in the config.","The admin can replace the image via the path to the PAA in the config.","The admin can replace the image via the path to the PAA in the config.","The admin can replace the image via the path to the PAA in the config.","The admin can replace the image via the path to the PAA in the config.","The admin can replace the image via the path to the PAA in the config.","The admin can replace the image via the path to the PAA in the config.","The admin can replace the image via the path to the PAA in the config."
"STR_SMP_00245","Админ отключил все категории топов в конфиге.","The admin has disabled all top categories in the config.","The admin has disabled all top categories in the config.","The admin has disabled all top categories in the config.","Админ отключил все категории топов в конфиге.","The admin has disabled all top categories in the config.","The admin has disabled all top categories in the config.","The admin has disabled all top categories in the config.","The admin has disabled all top categories in the config.","The admin has disabled all top categories in the config.","The admin has disabled all top categories in the config.","The admin has disabled all top categories in the config.","The admin has disabled all top categories in the config.","The admin has disabled all top categories in the config."
"STR_SMP_00246","Админ чат","Admin chat","Admin chat","Admin chat","Админ чат","Admin chat","Admin chat","Admin chat","Admin chat","Admin chat","Admin chat","Admin chat","Admin chat","Admin chat"
"STR_SMP_00247","Админа нельзя замутить","Admins cannot be muted","Admins cannot be muted","Admins cannot be muted","Админа нельзя замутить","Admins cannot be muted","Admins cannot be muted","Admins cannot be muted","Admins cannot be muted","Admins cannot be muted","Admins cannot be muted","Admins cannot be muted","Admins cannot be muted","Admins cannot be muted"
"STR_SMP_00248","Админ-режим клана выключен","Clan admin mode is disabled","Clan admin mode is disabled","Clan admin mode is disabled","Админ-режим клана выключен","Clan admin mode is disabled","Clan admin mode is disabled","Clan admin mode is disabled","Clan admin mode is disabled","Clan admin mode is disabled","Clan admin mode is disabled","Clan admin mode is disabled","Clan admin mode is disabled","Clan admin mode is disabled"
"STR_SMP_00249","Админ-режим: можно корректировать казну через снятие и прокачку. Пополнение из личного инвентаря выключено.","Administrator mode: you can adjust the treasury through withdrawal and upgrade. Replenishment from personal inventory is disabled.","Administrator mode: you can adjust the treasury through withdrawal and upgrade. Replenishment from personal inventory is disabled.","Administrator mode: you can adjust the treasury through withdrawal and upgrade. Replenishment from personal inventory is disabled.","Админ-режим: можно корректировать казну через снятие и прокачку. Пополнение из личного инвентаря выключено.","Administrator mode: you can adjust the treasury through withdrawal and upgrade. Replenishment from personal inventory is disabled.","Administrator mode: you can adjust the treasury through withdrawal and upgrade. Replenishment from personal inventory is disabled.","Administrator mode: you can adjust the treasury through withdrawal and upgrade. Replenishment from personal inventory is disabled.","Administrator mode: you can adjust the treasury through withdrawal and upgrade. Replenishment from personal inventory is disabled.","Administrator mode: you can adjust the treasury through withdrawal and upgrade. Replenishment from personal inventory is disabled.","Administrator mode: you can adjust the treasury through withdrawal and upgrade. Replenishment from personal inventory is disabled.","Administrator mode: you can adjust the treasury through withdrawal and upgrade. Replenishment from personal inventory is disabled.","Administrator mode: you can adjust the treasury through withdrawal and upgrade. Replenishment from personal inventory is disabled.","Administrator mode: you can adjust the treasury through withdrawal and upgrade. Replenishment from personal inventory is disabled."
"STR_SMP_00250","Админ-режим: пополнение из инвентаря выключено","Admin mode: inventory replenishment disabled","Admin mode: inventory replenishment disabled","Admin mode: inventory replenishment disabled","Админ-режим: пополнение из инвентаря выключено","Admin mode: inventory replenishment disabled","Admin mode: inventory replenishment disabled","Admin mode: inventory replenishment disabled","Admin mode: inventory replenishment disabled","Admin mode: inventory replenishment disabled","Admin mode: inventory replenishment disabled","Admin mode: inventory replenishment disabled","Admin mode: inventory replenishment disabled","Admin mode: inventory replenishment disabled"
"STR_SMP_00251","Активный мут не найден: ","No active mutee found: ","No active mutee found: ","No active mutee found: ","Активный мут не найден: ","No active mutee found: ","No active mutee found: ","No active mutee found: ","No active mutee found: ","No active mutee found: ","No active mutee found: ","No active mutee found: ","No active mutee found: ","No active mutee found: "
"STR_SMP_00252","Активных мутов нет","There are no active mutes","There are no active mutes","There are no active mutes","Активных мутов нет","There are no active mutes","There are no active mutes","There are no active mutes","There are no active mutes","There are no active mutes","There are no active mutes","There are no active mutes","There are no active mutes","There are no active mutes"
"STR_SMP_00253","Ассортимент общий для сервера. Закрытые слоты открываются уровнем клана.","The assortment is common to the server. Closed slots are opened by clan level.","The assortment is common to the server. Closed slots are opened by clan level.","The assortment is common to the server. Closed slots are opened by clan level.","Ассортимент общий для сервера. Закрытые слоты открываются уровнем клана.","The assortment is common to the server. Closed slots are opened by clan level.","The assortment is common to the server. Closed slots are opened by clan level.","The assortment is common to the server. Closed slots are opened by clan level.","The assortment is common to the server. Closed slots are opened by clan level.","The assortment is common to the server. Closed slots are opened by clan level.","The assortment is common to the server. Closed slots are opened by clan level.","The assortment is common to the server. Closed slots are opened by clan level.","The assortment is common to the server. Closed slots are opened by clan level.","The assortment is common to the server. Closed slots are opened by clan level."
"STR_SMP_00254","Аудит","Audit","Audit","Audit","Аудит","Audit","Audit","Audit","Audit","Audit","Audit","Audit","Audit","Audit"
"STR_SMP_00255","Аудит ","Audit ","Audit ","Audit ","Аудит ","Audit ","Audit ","Audit ","Audit ","Audit ","Audit ","Audit ","Audit ","Audit "
"STR_SMP_00256","Аудит в webhook включен","Auditing in webhook is enabled","Auditing in webhook is enabled","Auditing in webhook is enabled","Аудит в webhook включен","Auditing in webhook is enabled","Auditing in webhook is enabled","Auditing in webhook is enabled","Auditing in webhook is enabled","Auditing in webhook is enabled","Auditing in webhook is enabled","Auditing in webhook is enabled","Auditing in webhook is enabled","Auditing in webhook is enabled"
"STR_SMP_00257","Аудит в webhook выключен","Auditing in webhook is disabled","Auditing in webhook is disabled","Auditing in webhook is disabled","Аудит в webhook выключен","Auditing in webhook is disabled","Auditing in webhook is disabled","Auditing in webhook is disabled","Auditing in webhook is disabled","Auditing in webhook is disabled","Auditing in webhook is disabled","Auditing in webhook is disabled","Auditing in webhook is disabled","Auditing in webhook is disabled"
"STR_SMP_00258","Аукцион","Auction","Auction","Auction","Аукцион","Auction","Auction","Auction","Auction","Auction","Auction","Auction","Auction","Auction"
"STR_SMP_00259","Аукционный дом","Auction house","Auction house","Auction house","Аукционный дом","Auction house","Auction house","Auction house","Auction house","Auction house","Auction house","Auction house","Auction house","Auction house"
"STR_SMP_00260","Аукционный продавец","Auction seller","Auction seller","Auction seller","Аукционный продавец","Auction seller","Auction seller","Auction seller","Auction seller","Auction seller","Auction seller","Auction seller","Auction seller","Auction seller"
"STR_SMP_00261","База","Base","Base","Base","База","Base","Base","Base","Base","Base","Base","Base","Base","Base"
"STR_SMP_00262","База зарегистрирована","The base is registered","The base is registered","The base is registered","База зарегистрирована","The base is registered","The base is registered","The base is registered","The base is registered","The base is registered","The base is registered","The base is registered","The base is registered","The base is registered"
"STR_SMP_00263","База клана","Clan base","Clan base","Clan base","База клана","Clan base","Clan base","Clan base","Clan base","Clan base","Clan base","Clan base","Clan base","Clan base"
"STR_SMP_00264","База клана (флагшток удалён)","Clan base (flagpole removed)","Clan base (flagpole removed)","Clan base (flagpole removed)","База клана (флагшток удалён)","Clan base (flagpole removed)","Clan base (flagpole removed)","Clan base (flagpole removed)","Clan base (flagpole removed)","Clan base (flagpole removed)","Clan base (flagpole removed)","Clan base (flagpole removed)","Clan base (flagpole removed)","Clan base (flagpole removed)"
"STR_SMP_00265","База клана отвязана. Теперь можно привязать другой флагшток","The clan base has been unlinked. Now you can attach another flagpole","The clan base has been unlinked. Now you can attach another flagpole","The clan base has been unlinked. Now you can attach another flagpole","База клана отвязана. Теперь можно привязать другой флагшток","The clan base has been unlinked. Now you can attach another flagpole","The clan base has been unlinked. Now you can attach another flagpole","The clan base has been unlinked. Now you can attach another flagpole","The clan base has been unlinked. Now you can attach another flagpole","The clan base has been unlinked. Now you can attach another flagpole","The clan base has been unlinked. Now you can attach another flagpole","The clan base has been unlinked. Now you can attach another flagpole","The clan base has been unlinked. Now you can attach another flagpole","The clan base has been unlinked. Now you can attach another flagpole"
"STR_SMP_00266","База клана: ","Clan base: ","Clan base: ","Clan base: ","База клана: ","Clan base: ","Clan base: ","Clan base: ","Clan base: ","Clan base: ","Clan base: ","Clan base: ","Clan base: ","Clan base: "
"STR_SMP_00267","База отвязана от флагштока","The base is untied from the flagpole","The base is untied from the flagpole","The base is untied from the flagpole","База отвязана от флагштока","The base is untied from the flagpole","The base is untied from the flagpole","The base is untied from the flagpole","The base is untied from the flagpole","The base is untied from the flagpole","The base is untied from the flagpole","The base is untied from the flagpole","The base is untied from the flagpole","The base is untied from the flagpole"
"STR_SMP_00268","База перепривязана к новому флагштоку","The base has been re-attached to a new flagpole","The base has been re-attached to a new flagpole","The base has been re-attached to a new flagpole","База перепривязана к новому флагштоку","The base has been re-attached to a new flagpole","The base has been re-attached to a new flagpole","The base has been re-attached to a new flagpole","The base has been re-attached to a new flagpole","The base has been re-attached to a new flagpole","The base has been re-attached to a new flagpole","The base has been re-attached to a new flagpole","The base has been re-attached to a new flagpole","The base has been re-attached to a new flagpole"
"STR_SMP_00269","База: ","Base: ","Base: ","Base: ","База: ","Base: ","Base: ","Base: ","Base: ","Base: ","Base: ","Base: ","Base: ","Base: "
"STR_SMP_00270","Базы: вкл","Bases: on","Bases: on","Bases: on","Базы: вкл","Bases: on","Bases: on","Bases: on","Bases: on","Bases: on","Bases: on","Bases: on","Bases: on","Bases: on"
"STR_SMP_00271","Базы: выкл","Bases: off","Bases: off","Bases: off","Базы: выкл","Bases: off","Bases: off","Bases: off","Bases: off","Bases: off","Bases: off","Bases: off","Bases: off","Bases: off"
"STR_SMP_00272","Без лимита","No limit","No limit","No limit","Без лимита","No limit","No limit","No limit","No limit","No limit","No limit","No limit","No limit","No limit"
"STR_SMP_00273","без награды","no reward","no reward","no reward","без награды","no reward","no reward","no reward","no reward","no reward","no reward","no reward","no reward","no reward"
"STR_SMP_00274","без названия","no title","no title","no title","без названия","no title","no title","no title","no title","no title","no title","no title","no title","no title"
"STR_SMP_00275","Без причины","For no reason","For no reason","For no reason","Без причины","For no reason","For no reason","For no reason","For no reason","For no reason","For no reason","For no reason","For no reason","For no reason"
"STR_SMP_00276","Без сознания","Unconscious","Unconscious","Unconscious","Без сознания","Unconscious","Unconscious","Unconscious","Unconscious","Unconscious","Unconscious","Unconscious","Unconscious","Unconscious"
"STR_SMP_00277","Безопасная зона","Safe zone","Safe zone","Safe zone","Безопасная зона","Safe zone","Safe zone","Safe zone","Safe zone","Safe zone","Safe zone","Safe zone","Safe zone","Safe zone"
"STR_SMP_00278","Бинт","Bandage","Bandage","Bandage","Бинт","Bandage","Bandage","Bandage","Bandage","Bandage","Bandage","Bandage","Bandage","Bandage"
"STR_SMP_00279","Боевой дуэт","Fighting duo","Fighting duo","Fighting duo","Боевой дуэт","Fighting duo","Fighting duo","Fighting duo","Fighting duo","Fighting duo","Fighting duo","Fighting duo","Fighting duo","Fighting duo"
"STR_SMP_00280","Боец","Fighter","Fighter","Fighter","Боец","Fighter","Fighter","Fighter","Fighter","Fighter","Fighter","Fighter","Fighter","Fighter"
"STR_SMP_00281","Большая казна","Big treasury","Big treasury","Big treasury","Большая казна","Big treasury","Big treasury","Big treasury","Big treasury","Big treasury","Big treasury","Big treasury","Big treasury","Big treasury"
"STR_SMP_00282","Брать со склада","Take from storage","Take from storage","Take from storage","Брать со склада","Take from storage","Take from storage","Take from storage","Take from storage","Take from storage","Take from storage","Take from storage","Take from storage","Take from storage"
"STR_SMP_00283","Брать со склада можно только у флагштока базы клана","You can only take it from the storage at the flagpole of the clan base","You can only take it from the storage at the flagpole of the clan base","You can only take it from the storage at the flagpole of the clan base","Брать со склада можно только у флагштока базы клана","You can only take it from the storage at the flagpole of the clan base","You can only take it from the storage at the flagpole of the clan base","You can only take it from the storage at the flagpole of the clan base","You can only take it from the storage at the flagpole of the clan base","You can only take it from the storage at the flagpole of the clan base","You can only take it from the storage at the flagpole of the clan base","You can only take it from the storage at the flagpole of the clan base","You can only take it from the storage at the flagpole of the clan base","You can only take it from the storage at the flagpole of the clan base"
"STR_SMP_00284","Бродяга","Tramp","Tramp","Tramp","Бродяга","Tramp","Tramp","Tramp","Tramp","Tramp","Tramp","Tramp","Tramp","Tramp"
"STR_SMP_00285","В","E","E","E","В","E","E","E","E","E","E","E","E","E"
"STR_SMP_00286","В инвентаре нет валюты","There is no currency in inventory","There is no currency in inventory","There is no currency in inventory","В инвентаре нет валюты","There is no currency in inventory","There is no currency in inventory","There is no currency in inventory","There is no currency in inventory","There is no currency in inventory","There is no currency in inventory","There is no currency in inventory","There is no currency in inventory","There is no currency in inventory"
"STR_SMP_00287","В клане 10 участников","There are 10 members in the clan","There are 10 members in the clan","There are 10 members in the clan","В клане 10 участников","There are 10 members in the clan","There are 10 members in the clan","There are 10 members in the clan","There are 10 members in the clan","There are 10 members in the clan","There are 10 members in the clan","There are 10 members in the clan","There are 10 members in the clan","There are 10 members in the clan"
"STR_SMP_00288","В клане 2 участника","There are 2 members in the clan","There are 2 members in the clan","There are 2 members in the clan","В клане 2 участника","There are 2 members in the clan","There are 2 members in the clan","There are 2 members in the clan","There are 2 members in the clan","There are 2 members in the clan","There are 2 members in the clan","There are 2 members in the clan","There are 2 members in the clan","There are 2 members in the clan"
"STR_SMP_00289","В клане 4 участника","There are 4 members in the clan","There are 4 members in the clan","There are 4 members in the clan","В клане 4 участника","There are 4 members in the clan","There are 4 members in the clan","There are 4 members in the clan","There are 4 members in the clan","There are 4 members in the clan","There are 4 members in the clan","There are 4 members in the clan","There are 4 members in the clan","There are 4 members in the clan"
"STR_SMP_00290","В клане 6 участников","There are 6 members in the clan","There are 6 members in the clan","There are 6 members in the clan","В клане 6 участников","There are 6 members in the clan","There are 6 members in the clan","There are 6 members in the clan","There are 6 members in the clan","There are 6 members in the clan","There are 6 members in the clan","There are 6 members in the clan","There are 6 members in the clan","There are 6 members in the clan"
"STR_SMP_00291","В строю","In service","In service","In service","В строю","In service","In service","In service","In service","In service","In service","In service","In service","In service"
"STR_SMP_00292","В топ попадают кланы минимум с ","The top includes clans with at least ","The top includes clans with at least ","The top includes clans with at least ","В топ попадают кланы минимум с ","The top includes clans with at least ","The top includes clans with at least ","The top includes clans with at least ","The top includes clans with at least ","The top includes clans with at least ","The top includes clans with at least ","The top includes clans with at least ","The top includes clans with at least ","The top includes clans with at least "
"STR_SMP_00293","В транспорте","In vehicle","In vehicle","In vehicle","В транспорте","In vehicle","In vehicle","In vehicle","In vehicle","In vehicle","In vehicle","In vehicle","In vehicle","In vehicle"
"STR_SMP_00294","Валюта не настроена на сервере","Currency is not configured on the server","Currency is not configured on the server","Currency is not configured on the server","Валюта не настроена на сервере","Currency is not configured on the server","Currency is not configured on the server","Currency is not configured on the server","Currency is not configured on the server","Currency is not configured on the server","Currency is not configured on the server","Currency is not configured on the server","Currency is not configured on the server","Currency is not configured on the server"
"STR_SMP_00295","Валюта не настроена на сервере (CurrencyItems в Settings.json)","Currency is not configured on the server (CurrencyItems in Settings.json)","Currency is not configured on the server (CurrencyItems in Settings.json)","Currency is not configured on the server (CurrencyItems in Settings.json)","Валюта не настроена на сервере (CurrencyItems в Settings.json)","Currency is not configured on the server (CurrencyItems in Settings.json)","Currency is not configured on the server (CurrencyItems in Settings.json)","Currency is not configured on the server (CurrencyItems in Settings.json)","Currency is not configured on the server (CurrencyItems in Settings.json)","Currency is not configured on the server (CurrencyItems in Settings.json)","Currency is not configured on the server (CurrencyItems in Settings.json)","Currency is not configured on the server (CurrencyItems in Settings.json)","Currency is not configured on the server (CurrencyItems in Settings.json)","Currency is not configured on the server (CurrencyItems in Settings.json)"
"STR_SMP_00296","Валюта не настроена на сервере (CurrencyItems в Settings.json).","The currency is not configured on the server (CurrencyItems in Settings.json).","The currency is not configured on the server (CurrencyItems in Settings.json).","The currency is not configured on the server (CurrencyItems in Settings.json).","Валюта не настроена на сервере (CurrencyItems в Settings.json).","The currency is not configured on the server (CurrencyItems in Settings.json).","The currency is not configured on the server (CurrencyItems in Settings.json).","The currency is not configured on the server (CurrencyItems in Settings.json).","The currency is not configured on the server (CurrencyItems in Settings.json).","The currency is not configured on the server (CurrencyItems in Settings.json).","The currency is not configured on the server (CurrencyItems in Settings.json).","The currency is not configured on the server (CurrencyItems in Settings.json).","The currency is not configured on the server (CurrencyItems in Settings.json).","The currency is not configured on the server (CurrencyItems in Settings.json)."
"STR_SMP_00297","Валюту выставлять нельзя","Currency cannot be displayed","Currency cannot be displayed","Currency cannot be displayed","Валюту выставлять нельзя","Currency cannot be displayed","Currency cannot be displayed","Currency cannot be displayed","Currency cannot be displayed","Currency cannot be displayed","Currency cannot be displayed","Currency cannot be displayed","Currency cannot be displayed","Currency cannot be displayed"
"STR_SMP_00298","Валюту кладите в казну, а не на склад","Place your currency in the treasury, not in the storage","Place your currency in the treasury, not in the storage","Place your currency in the treasury, not in the storage","Валюту кладите в казну, а не на склад","Place your currency in the treasury, not in the storage","Place your currency in the treasury, not in the storage","Place your currency in the treasury, not in the storage","Place your currency in the treasury, not in the storage","Place your currency in the treasury, not in the storage","Place your currency in the treasury, not in the storage","Place your currency in the treasury, not in the storage","Place your currency in the treasury, not in the storage","Place your currency in the treasury, not in the storage"
"STR_SMP_00299","Валюту продавать нельзя","Currency cannot be sold","Currency cannot be sold","Currency cannot be sold","Валюту продавать нельзя","Currency cannot be sold","Currency cannot be sold","Currency cannot be sold","Currency cannot be sold","Currency cannot be sold","Currency cannot be sold","Currency cannot be sold","Currency cannot be sold","Currency cannot be sold"
"STR_SMP_00300","Вас исключили из клана ""","You have been expelled from the clan""","You have been expelled from the clan""","You have been expelled from the clan""","Вас исключили из клана ""","You have been expelled from the clan""","You have been expelled from the clan""","You have been expelled from the clan""","You have been expelled from the clan""","You have been expelled from the clan""","You have been expelled from the clan""","You have been expelled from the clan""","You have been expelled from the clan""","You have been expelled from the clan"""
"STR_SMP_00301","Вас приглашают:","You are invited:","You are invited:","You are invited:","Вас приглашают:","You are invited:","You are invited:","You are invited:","You are invited:","You are invited:","You are invited:","You are invited:","You are invited:","You are invited:"
"STR_SMP_00302","Вас приглашают: ","You are invited: ","You are invited: ","You are invited: ","Вас приглашают: ","You are invited: ","You are invited: ","You are invited: ","You are invited: ","You are invited: ","You are invited: ","You are invited: ","You are invited: ","You are invited: "
"STR_SMP_00303","Ваш UID не указан в AdminUids","Your UID is not listed in AdminUids","Your UID is not listed in AdminUids","Your UID is not listed in AdminUids","Ваш UID не указан в AdminUids","Your UID is not listed in AdminUids","Your UID is not listed in AdminUids","Your UID is not listed in AdminUids","Your UID is not listed in AdminUids","Your UID is not listed in AdminUids","Your UID is not listed in AdminUids","Your UID is not listed in AdminUids","Your UID is not listed in AdminUids","Your UID is not listed in AdminUids"
"STR_SMP_00304","Ваш клан выиграл топ «","Your clan won the top ""","Your clan won the top ""","Your clan won the top ""","Ваш клан выиграл топ «","Your clan won the top ""","Your clan won the top ""","Your clan won the top ""","Your clan won the top ""","Your clan won the top ""","Your clan won the top ""","Your clan won the top ""","Your clan won the top ""","Your clan won the top """
"STR_SMP_00305","Ваш лимит на этот товар исчерпан","Your limit on this item has been reached.","Your limit on this item has been reached.","Your limit on this item has been reached.","Ваш лимит на этот товар исчерпан","Your limit on this item has been reached.","Your limit on this item has been reached.","Your limit on this item has been reached.","Your limit on this item has been reached.","Your limit on this item has been reached.","Your limit on this item has been reached.","Your limit on this item has been reached.","Your limit on this item has been reached.","Your limit on this item has been reached."
"STR_SMP_00306","Ваш новый ранг: ","Your new rank: ","Your new rank: ","Your new rank: ","Ваш новый ранг: ","Your new rank: ","Your new rank: ","Your new rank: ","Your new rank: ","Your new rank: ","Your new rank: ","Your new rank: ","Your new rank: ","Your new rank: "
"STR_SMP_00307","Ваш ранг: ","Your rank: ","Your rank: ","Your rank: ","Ваш ранг: ","Your rank: ","Your rank: ","Your rank: ","Your rank: ","Your rank: ","Your rank: ","Your rank: ","Your rank: ","Your rank: "
"STR_SMP_00308","Ваша база здесь","Your base is here","Your base is here","Your base is here","Ваша база здесь","Your base is here","Your base is here","Your base is here","Your base is here","Your base is here","Your base is here","Your base is here","Your base is here","Your base is here"
"STR_SMP_00309","Ваша заявка в клан ""","Your application to the clan""","Your application to the clan""","Your application to the clan""","Ваша заявка в клан ""","Your application to the clan""","Your application to the clan""","Your application to the clan""","Your application to the clan""","Your application to the clan""","Your application to the clan""","Your application to the clan""","Your application to the clan""","Your application to the clan"""
"STR_SMP_00310","Ваша роль: Админ","Your role: Admin","Your role: Admin","Your role: Admin","Ваша роль: Админ","Your role: Admin","Your role: Admin","Your role: Admin","Your role: Admin","Your role: Admin","Your role: Admin","Your role: Admin","Your role: Admin","Your role: Admin"
"STR_SMP_00311","Ваша ставка уже лидирует","Your bid is already in the lead","Your bid is already in the lead","Your bid is already in the lead","Ваша ставка уже лидирует","Your bid is already in the lead","Your bid is already in the lead","Your bid is already in the lead","Your bid is already in the lead","Your bid is already in the lead","Your bid is already in the lead","Your bid is already in the lead","Your bid is already in the lead","Your bid is already in the lead"
"STR_SMP_00312","Ваше звание: ","Your title: ","Your title: ","Your title: ","Ваше звание: ","Your title: ","Your title: ","Your title: ","Your title: ","Your title: ","Your title: ","Your title: ","Your title: ","Your title: "
"STR_SMP_00313","Вашу заявку приняли! Добро пожаловать в клан ""","Your application has been accepted! Welcome to the clan""","Your application has been accepted! Welcome to the clan""","Your application has been accepted! Welcome to the clan""","Вашу заявку приняли! Добро пожаловать в клан ""","Your application has been accepted! Welcome to the clan""","Your application has been accepted! Welcome to the clan""","Your application has been accepted! Welcome to the clan""","Your application has been accepted! Welcome to the clan""","Your application has been accepted! Welcome to the clan""","Your application has been accepted! Welcome to the clan""","Your application has been accepted! Welcome to the clan""","Your application has been accepted! Welcome to the clan""","Your application has been accepted! Welcome to the clan"""
"STR_SMP_00314","Введите название","Enter a name","Enter a name","Enter a name","Введите название","Enter a name","Enter a name","Enter a name","Enter a name","Enter a name","Enter a name","Enter a name","Enter a name","Enter a name"
"STR_SMP_00315","Введите название маркера","Enter marker name","Enter marker name","Enter marker name","Введите название маркера","Enter marker name","Enter marker name","Enter marker name","Enter marker name","Enter marker name","Enter marker name","Enter marker name","Enter marker name","Enter marker name"
"STR_SMP_00316","Введите стартовую цену, возьмите предмет в руки и нажмите Выставить.","Enter the starting price, pick up the item and click List.","Enter the starting price, pick up the item and click List.","Enter the starting price, pick up the item and click List.","Введите стартовую цену, возьмите предмет в руки и нажмите Выставить.","Enter the starting price, pick up the item and click List.","Enter the starting price, pick up the item and click List.","Enter the starting price, pick up the item and click List.","Enter the starting price, pick up the item and click List.","Enter the starting price, pick up the item and click List.","Enter the starting price, pick up the item and click List.","Enter the starting price, pick up the item and click List.","Enter the starting price, pick up the item and click List.","Enter the starting price, pick up the item and click List."
"STR_SMP_00317","Введите цену (целое число больше нуля), возьмите предмет в руки и нажмите Выставить.","Enter the price (an integer greater than zero), pick up the item and click Post.","Enter the price (an integer greater than zero), pick up the item and click Post.","Enter the price (an integer greater than zero), pick up the item and click Post.","Введите цену (целое число больше нуля), возьмите предмет в руки и нажмите Выставить.","Enter the price (an integer greater than zero), pick up the item and click Post.","Enter the price (an integer greater than zero), pick up the item and click Post.","Enter the price (an integer greater than zero), pick up the item and click Post.","Enter the price (an integer greater than zero), pick up the item and click Post.","Enter the price (an integer greater than zero), pick up the item and click Post.","Enter the price (an integer greater than zero), pick up the item and click Post.","Enter the price (an integer greater than zero), pick up the item and click Post.","Enter the price (an integer greater than zero), pick up the item and click Post.","Enter the price (an integer greater than zero), pick up the item and click Post."
"STR_SMP_00318","Введите цену контракта.","Enter the contract price.","Enter the contract price.","Enter the contract price.","Введите цену контракта.","Enter the contract price.","Enter the contract price.","Enter the contract price.","Enter the contract price.","Enter the contract price.","Enter the contract price.","Enter the contract price.","Enter the contract price.","Enter the contract price."
"STR_SMP_00319","Ветеран","Veteran","Veteran","Veteran","Ветеран","Veteran","Veteran","Veteran","Veteran","Veteran","Veteran","Veteran","Veteran","Veteran"
"STR_SMP_00320","Взято со склада: ","Taken from storage: ","Taken from storage: ","Taken from storage: ","Взято со склада: ","Taken from storage: ","Taken from storage: ","Taken from storage: ","Taken from storage: ","Taken from storage: ","Taken from storage: ","Taken from storage: ","Taken from storage: ","Taken from storage: "
"STR_SMP_00321","Взять выбранное","Take selected","Take selected","Take selected","Взять выбранное","Take selected","Take selected","Take selected","Take selected","Take selected","Take selected","Take selected","Take selected","Take selected"
"STR_SMP_00322","Видите союзников, базу и временные метки для быстрой координации.","See allies, base and timestamps for quick coordination.","See allies, base and timestamps for quick coordination.","See allies, base and timestamps for quick coordination.","Видите союзников, базу и временные метки для быстрой координации.","See allies, base and timestamps for quick coordination.","See allies, base and timestamps for quick coordination.","See allies, base and timestamps for quick coordination.","See allies, base and timestamps for quick coordination.","See allies, base and timestamps for quick coordination.","See allies, base and timestamps for quick coordination.","See allies, base and timestamps for quick coordination.","See allies, base and timestamps for quick coordination.","See allies, base and timestamps for quick coordination."
"STR_SMP_00323","Включить аудит","Enable auditing","Enable auditing","Enable auditing","Включить аудит","Enable auditing","Enable auditing","Enable auditing","Enable auditing","Enable auditing","Enable auditing","Enable auditing","Enable auditing","Enable auditing"
"STR_SMP_00324","Владелец: ","Owner: ","Owner: ","Owner: ","Владелец: ","Owner: ","Owner: ","Owner: ","Owner: ","Owner: ","Owner: ","Owner: ","Owner: ","Owner: "
"STR_SMP_00325","Внесено ","Submitted ","Submitted ","Submitted ","Внесено ","Submitted ","Submitted ","Submitted ","Submitted ","Submitted ","Submitted ","Submitted ","Submitted ","Submitted "
"STR_SMP_00326","Внесите 1000 в казну клана","Contribute 1000 to the clan treasury","Contribute 1000 to the clan treasury","Contribute 1000 to the clan treasury","Внесите 1000 в казну клана","Contribute 1000 to the clan treasury","Contribute 1000 to the clan treasury","Contribute 1000 to the clan treasury","Contribute 1000 to the clan treasury","Contribute 1000 to the clan treasury","Contribute 1000 to the clan treasury","Contribute 1000 to the clan treasury","Contribute 1000 to the clan treasury","Contribute 1000 to the clan treasury"
"STR_SMP_00327","Внесите 10000 в казну клана","Contribute 10,000 to the clan treasury","Contribute 10,000 to the clan treasury","Contribute 10,000 to the clan treasury","Внесите 10000 в казну клана","Contribute 10,000 to the clan treasury","Contribute 10,000 to the clan treasury","Contribute 10,000 to the clan treasury","Contribute 10,000 to the clan treasury","Contribute 10,000 to the clan treasury","Contribute 10,000 to the clan treasury","Contribute 10,000 to the clan treasury","Contribute 10,000 to the clan treasury","Contribute 10,000 to the clan treasury"
"STR_SMP_00328","Внесите 50000 в казну клана","Contribute 50,000 to the clan treasury","Contribute 50,000 to the clan treasury","Contribute 50,000 to the clan treasury","Внесите 50000 в казну клана","Contribute 50,000 to the clan treasury","Contribute 50,000 to the clan treasury","Contribute 50,000 to the clan treasury","Contribute 50,000 to the clan treasury","Contribute 50,000 to the clan treasury","Contribute 50,000 to the clan treasury","Contribute 50,000 to the clan treasury","Contribute 50,000 to the clan treasury","Contribute 50,000 to the clan treasury"
"STR_SMP_00329","Внести всё","Enter everything","Enter everything","Enter everything","Внести всё","Enter everything","Enter everything","Enter everything","Enter everything","Enter everything","Enter everything","Enter everything","Enter everything","Enter everything"
"STR_SMP_00330","Внести сумму","Deposit amount","Deposit amount","Deposit amount","Внести сумму","Deposit amount","Deposit amount","Deposit amount","Deposit amount","Deposit amount","Deposit amount","Deposit amount","Deposit amount","Deposit amount"
"STR_SMP_00331","Военная машина","War machine","War machine","War machine","Военная машина","War machine","War machine","War machine","War machine","War machine","War machine","War machine","War machine","War machine"
"STR_SMP_00332","Возврат за отказ исполнителя","Refund for refusal by the performer","Refund for refusal by the performer","Refund for refusal by the performer","Возврат за отказ исполнителя","Refund for refusal by the performer","Refund for refusal by the performer","Refund for refusal by the performer","Refund for refusal by the performer","Refund for refusal by the performer","Refund for refusal by the performer","Refund for refusal by the performer","Refund for refusal by the performer","Refund for refusal by the performer"
"STR_SMP_00333","Возврат за просроченный контракт","Refund for expired contract","Refund for expired contract","Refund for expired contract","Возврат за просроченный контракт","Refund for expired contract","Refund for expired contract","Refund for expired contract","Refund for expired contract","Refund for expired contract","Refund for expired contract","Refund for expired contract","Refund for expired contract","Refund for expired contract"
"STR_SMP_00334","Возврат перебитой ставки","Refund of outbid","Refund of outbid","Refund of outbid","Возврат перебитой ставки","Refund of outbid","Refund of outbid","Refund of outbid","Refund of outbid","Refund of outbid","Refund of outbid","Refund of outbid","Refund of outbid","Refund of outbid"
"STR_SMP_00335","ВОЗМОЖНОСТИ КЛАНА","CLAN OPPORTUNITIES","CLAN OPPORTUNITIES","CLAN OPPORTUNITIES","ВОЗМОЖНОСТИ КЛАНА","CLAN OPPORTUNITIES","CLAN OPPORTUNITIES","CLAN OPPORTUNITIES","CLAN OPPORTUNITIES","CLAN OPPORTUNITIES","CLAN OPPORTUNITIES","CLAN OPPORTUNITIES","CLAN OPPORTUNITIES","CLAN OPPORTUNITIES"
"STR_SMP_00336","Возьмите предмет в руки","Take the item in your hands","Take the item in your hands","Take the item in your hands","Возьмите предмет в руки","Take the item in your hands","Take the item in your hands","Take the item in your hands","Take the item in your hands","Take the item in your hands","Take the item in your hands","Take the item in your hands","Take the item in your hands","Take the item in your hands"
"STR_SMP_00337","Возьмите предмет в руки и нажмите «Положить». Любой участник клана может взять предмет. Вложения (аттачменты, карго, патроны) и состояние сохраняются.","Take the item in your hands and click “Place”. Any clan member can take the item. Attachments (attachments, cargo, cartridges) and state are preserved.","Take the item in your hands and click “Place”. Any clan member can take the item. Attachments (attachments, cargo, cartridges) and state are preserved.","Take the item in your hands and click “Place”. Any clan member can take the item. Attachments (attachments, cargo, cartridges) and state are preserved.","Возьмите предмет в руки и нажмите «Положить». Любой участник клана может взять предмет. Вложения (аттачменты, карго, патроны) и состояние сохраняются.","Take the item in your hands and click “Place”. Any clan member can take the item. Attachments (attachments, cargo, cartridges) and state are preserved.","Take the item in your hands and click “Place”. Any clan member can take the item. Attachments (attachments, cargo, cartridges) and state are preserved.","Take the item in your hands and click “Place”. Any clan member can take the item. Attachments (attachments, cargo, cartridges) and state are preserved.","Take the item in your hands and click “Place”. Any clan member can take the item. Attachments (attachments, cargo, cartridges) and state are preserved.","Take the item in your hands and click “Place”. Any clan member can take the item. Attachments (attachments, cargo, cartridges) and state are preserved.","Take the item in your hands and click “Place”. Any clan member can take the item. Attachments (attachments, cargo, cartridges) and state are preserved.","Take the item in your hands and click “Place”. Any clan member can take the item. Attachments (attachments, cargo, cartridges) and state are preserved.","Take the item in your hands and click “Place”. Any clan member can take the item. Attachments (attachments, cargo, cartridges) and state are preserved.","Take the item in your hands and click “Place”. Any clan member can take the item. Attachments (attachments, cargo, cartridges) and state are preserved."
"STR_SMP_00338","Войти как админ","Login as admin","Login as admin","Login as admin","Войти как админ","Login as admin","Login as admin","Login as admin","Login as admin","Login as admin","Login as admin","Login as admin","Login as admin","Login as admin"
"STR_SMP_00339","Время","Time","Time","Time","Время","Time","Time","Time","Time","Time","Time","Time","Time","Time"
"STR_SMP_00340","Время мута должно быть больше 0 минут","The mute time must be greater than 0 minutes","The mute time must be greater than 0 minutes","The mute time must be greater than 0 minutes","Время мута должно быть больше 0 минут","The mute time must be greater than 0 minutes","The mute time must be greater than 0 minutes","The mute time must be greater than 0 minutes","The mute time must be greater than 0 minutes","The mute time must be greater than 0 minutes","The mute time must be greater than 0 minutes","The mute time must be greater than 0 minutes","The mute time must be greater than 0 minutes","The mute time must be greater than 0 minutes"
"STR_SMP_00341","Все кланы","All clans","All clans","All clans","Все кланы","All clans","All clans","All clans","All clans","All clans","All clans","All clans","All clans","All clans"
"STR_SMP_00342","Вступите в клан","Join the clan","Join the clan","Join the clan","Вступите в клан","Join the clan","Join the clan","Join the clan","Join the clan","Join the clan","Join the clan","Join the clan","Join the clan","Join the clan"
"STR_SMP_00343","Вход","Login","Login","Login","Вход","Login","Login","Login","Login","Login","Login","Login","Login","Login"
"STR_SMP_00344","Вы","you","you","you","Вы","you","you","you","you","you","you","you","you","you"
"STR_SMP_00345","Вы вступили в клан ""","You have joined the clan""","You have joined the clan""","You have joined the clan""","Вы вступили в клан ""","You have joined the clan""","You have joined the clan""","You have joined the clan""","You have joined the clan""","You have joined the clan""","You have joined the clan""","You have joined the clan""","You have joined the clan""","You have joined the clan"""
"STR_SMP_00346","Вы выиграли аукцион: ","You won the auction: ","You won the auction: ","You won the auction: ","Вы выиграли аукцион: ","You won the auction: ","You won the auction: ","You won the auction: ","You won the auction: ","You won the auction: ","You won the auction: ","You won the auction: ","You won the auction: ","You won the auction: "
"STR_SMP_00347","Вы не исполнитель этого контракта","You are not the executor of this contract","You are not the executor of this contract","You are not the executor of this contract","Вы не исполнитель этого контракта","You are not the executor of this contract","You are not the executor of this contract","You are not the executor of this contract","You are not the executor of this contract","You are not the executor of this contract","You are not the executor of this contract","You are not the executor of this contract","You are not the executor of this contract","You are not the executor of this contract"
"STR_SMP_00348","Вы не состоите в клане","You are not a member of a clan","You are not a member of a clan","You are not a member of a clan","Вы не состоите в клане","You are not a member of a clan","You are not a member of a clan","You are not a member of a clan","You are not a member of a clan","You are not a member of a clan","You are not a member of a clan","You are not a member of a clan","You are not a member of a clan","You are not a member of a clan"
"STR_SMP_00349","Вы не состоите в клане. Создайте свой!","You are not a member of a clan. Create your own!","You are not a member of a clan. Create your own!","You are not a member of a clan. Create your own!","Вы не состоите в клане. Создайте свой!","You are not a member of a clan. Create your own!","You are not a member of a clan. Create your own!","You are not a member of a clan. Create your own!","You are not a member of a clan. Create your own!","You are not a member of a clan. Create your own!","You are not a member of a clan. Create your own!","You are not a member of a clan. Create your own!","You are not a member of a clan. Create your own!","You are not a member of a clan. Create your own!"
"STR_SMP_00350","Вы покинули клан ""","You left the clan""","You left the clan""","You left the clan""","Вы покинули клан ""","You left the clan""","You left the clan""","You left the clan""","You left the clan""","You left the clan""","You left the clan""","You left the clan""","You left the clan""","You left the clan"""
"STR_SMP_00351","Вы покинули клан. Клан ""","You have left the clan. Clan""","You have left the clan. Clan""","You have left the clan. Clan""","Вы покинули клан. Клан ""","You have left the clan. Clan""","You have left the clan. Clan""","You have left the clan. Clan""","You have left the clan. Clan""","You have left the clan. Clan""","You have left the clan. Clan""","You have left the clan. Clan""","You have left the clan. Clan""","You have left the clan. Clan"""
"STR_SMP_00352","Вы уже состоите в клане","You are already a member of a clan","You are already a member of a clan","You are already a member of a clan","Вы уже состоите в клане","You are already a member of a clan","You are already a member of a clan","You are already a member of a clan","You are already a member of a clan","You are already a member of a clan","You are already a member of a clan","You are already a member of a clan","You are already a member of a clan","You are already a member of a clan"
"STR_SMP_00353","Выберите действие в списке и меняйте требуемый ранг. «Повысить требование» — действие станет доступно только более старшим, «Понизить» — и младшим тоже. Лидеру доступно всё.","Select an action from the list and change the required rank. “Increase the requirement” - the action will become available only to older ones, “Lower” - and to younger ones too. Everything is available to a leader.","Select an action from the list and change the required rank. “Increase the requirement” - the action will become available only to older ones, “Lower” - and to younger ones too. Everything is available to a leader.","Select an action from the list and change the required rank. “Increase the requirement” - the action will become available only to older ones, “Lower” - and to younger ones too. Everything is available to a leader.","Выберите действие в списке и меняйте требуемый ранг. «Повысить требование» — действие станет доступно только более старшим, «Понизить» — и младшим тоже. Лидеру доступно всё.","Select an action from the list and change the required rank. “Increase the requirement” - the action will become available only to older ones, “Lower” - and to younger ones too. Everything is available to a leader.","Select an action from the list and change the required rank. “Increase the requirement” - the action will become available only to older ones, “Lower” - and to younger ones too. Everything is available to a leader.","Select an action from the list and change the required rank. “Increase the requirement” - the action will become available only to older ones, “Lower” - and to younger ones too. Everything is available to a leader.","Select an action from the list and change the required rank. “Increase the requirement” - the action will become available only to older ones, “Lower” - and to younger ones too. Everything is available to a leader.","Select an action from the list and change the required rank. “Increase the requirement” - the action will become available only to older ones, “Lower” - and to younger ones too. Everything is available to a leader.","Select an action from the list and change the required rank. “Increase the requirement” - the action will become available only to older ones, “Lower” - and to younger ones too. Everything is available to a leader.","Select an action from the list and change the required rank. “Increase the requirement” - the action will become available only to older ones, “Lower” - and to younger ones too. Everything is available to a leader.","Select an action from the list and change the required rank. “Increase the requirement” - the action will become available only to older ones, “Lower” - and to younger ones too. Everything is available to a leader.","Select an action from the list and change the required rank. “Increase the requirement” - the action will become available only to older ones, “Lower” - and to younger ones too. Everything is available to a leader."
"STR_SMP_00354","Выберите достижение, чтобы увидеть детали.","Select an achievement to see details.","Select an achievement to see details.","Select an achievement to see details.","Выберите достижение, чтобы увидеть детали.","Select an achievement to see details.","Select an achievement to see details.","Select an achievement to see details.","Select an achievement to see details.","Select an achievement to see details.","Select an achievement to see details.","Select an achievement to see details.","Select an achievement to see details.","Select an achievement to see details."
"STR_SMP_00355","Выберите игрока для приглашения:","Select a player to invite:","Select a player to invite:","Select a player to invite:","Выберите игрока для приглашения:","Select a player to invite:","Select a player to invite:","Select a player to invite:","Select a player to invite:","Select a player to invite:","Select a player to invite:","Select a player to invite:","Select a player to invite:","Select a player to invite:"
"STR_SMP_00356","Выберите контракт в списке.","Select a contract from the list.","Select a contract from the list.","Select a contract from the list.","Выберите контракт в списке.","Select a contract from the list.","Select a contract from the list.","Select a contract from the list.","Select a contract from the list.","Select a contract from the list.","Select a contract from the list.","Select a contract from the list.","Select a contract from the list.","Select a contract from the list."
"STR_SMP_00357","Выберите контракт на поиск предмета.","Select the item search contract.","Select the item search contract.","Select the item search contract.","Выберите контракт на поиск предмета.","Select the item search contract.","Select the item search contract.","Select the item search contract.","Select the item search contract.","Select the item search contract.","Select the item search contract.","Select the item search contract.","Select the item search contract.","Select the item search contract."
"STR_SMP_00358","Выберите лот, чтобы увидеть детали.","Select a lot to see details.","Select a lot to see details.","Select a lot to see details.","Выберите лот, чтобы увидеть детали.","Select a lot to see details.","Select a lot to see details.","Select a lot to see details.","Select a lot to see details.","Select a lot to see details.","Select a lot to see details.","Select a lot to see details.","Select a lot to see details.","Select a lot to see details."
"STR_SMP_00359","Выберите метку в списке","Select a label from the list","Select a label from the list","Select a label from the list","Выберите метку в списке","Select a label from the list","Select a label from the list","Select a label from the list","Select a label from the list","Select a label from the list","Select a label from the list","Select a label from the list","Select a label from the list","Select a label from the list"
"STR_SMP_00360","Выберите предмет для поиска в списке справа.","Select an item to search from the list on the right.","Select an item to search from the list on the right.","Select an item to search from the list on the right.","Выберите предмет для поиска в списке справа.","Select an item to search from the list on the right.","Select an item to search from the list on the right.","Select an item to search from the list on the right.","Select an item to search from the list on the right.","Select an item to search from the list on the right.","Select an item to search from the list on the right.","Select an item to search from the list on the right.","Select an item to search from the list on the right.","Select an item to search from the list on the right."
"STR_SMP_00361","Выберите предмет, чтобы увидеть детали.","Select an item to see details.","Select an item to see details.","Select an item to see details.","Выберите предмет, чтобы увидеть детали.","Select an item to see details.","Select an item to see details.","Select an item to see details.","Select an item to see details.","Select an item to see details.","Select an item to see details.","Select an item to see details.","Select an item to see details.","Select an item to see details."
"STR_SMP_00362","Выберите принятый контракт.","Select an accepted contract.","Select an accepted contract.","Select an accepted contract.","Выберите принятый контракт.","Select an accepted contract.","Select an accepted contract.","Select an accepted contract.","Select an accepted contract.","Select an accepted contract.","Select an accepted contract.","Select an accepted contract.","Select an accepted contract.","Select an accepted contract."
"STR_SMP_00363","Выберите товар, чтобы увидеть детали.","Select a product to see details.","Select a product to see details.","Select a product to see details.","Выберите товар, чтобы увидеть детали.","Select a product to see details.","Select a product to see details.","Select a product to see details.","Select a product to see details.","Select a product to see details.","Select a product to see details.","Select a product to see details.","Select a product to see details.","Select a product to see details."
"STR_SMP_00364","Выберите цель для охоты в списке справа.","Select a target to hunt from the list on the right.","Select a target to hunt from the list on the right.","Select a target to hunt from the list on the right.","Выберите цель для охоты в списке справа.","Select a target to hunt from the list on the right.","Select a target to hunt from the list on the right.","Select a target to hunt from the list on the right.","Select a target to hunt from the list on the right.","Select a target to hunt from the list on the right.","Select a target to hunt from the list on the right.","Select a target to hunt from the list on the right.","Select a target to hunt from the list on the right.","Select a target to hunt from the list on the right."
"STR_SMP_00365","Выберите цель для превью.","Select a preview target.","Select a preview target.","Select a preview target.","Выберите цель для превью.","Select a preview target.","Select a preview target.","Select a preview target.","Select a preview target.","Select a preview target.","Select a preview target.","Select a preview target.","Select a preview target.","Select a preview target."
"STR_SMP_00366","Выбрана база: ","Base selected: ","Base selected: ","Base selected: ","Выбрана база: ","Base selected: ","Base selected: ","Base selected: ","Base selected: ","Base selected: ","Base selected: ","Base selected: ","Base selected: ","Base selected: "
"STR_SMP_00367","Выбрана клановая: ","Clan selected: ","Clan selected: ","Clan selected: ","Выбрана клановая: ","Clan selected: ","Clan selected: ","Clan selected: ","Clan selected: ","Clan selected: ","Clan selected: ","Clan selected: ","Clan selected: ","Clan selected: "
"STR_SMP_00368","Выбрана личная: ","Personal selected: ","Personal selected: ","Personal selected: ","Выбрана личная: ","Personal selected: ","Personal selected: ","Personal selected: ","Personal selected: ","Personal selected: ","Personal selected: ","Personal selected: ","Personal selected: ","Personal selected: "
"STR_SMP_00369","Выбрана серверная: ","Server selected: ","Server selected: ","Server selected: ","Выбрана серверная: ","Server selected: ","Server selected: ","Server selected: ","Server selected: ","Server selected: ","Server selected: ","Server selected: ","Server selected: ","Server selected: "
"STR_SMP_00370","Выдано ","Issued ","Issued ","Issued ","Выдано ","Issued ","Issued ","Issued ","Issued ","Issued ","Issued ","Issued ","Issued ","Issued "
"STR_SMP_00371","Выдать мут","Issue mute","Issue mute","Issue mute","Выдать мут","Issue mute","Issue mute","Issue mute","Issue mute","Issue mute","Issue mute","Issue mute","Issue mute","Issue mute"
"STR_SMP_00372","Выживший чистильщик","Sweeper Survivor","Sweeper Survivor","Sweeper Survivor","Выживший чистильщик","Sweeper Survivor","Sweeper Survivor","Sweeper Survivor","Sweeper Survivor","Sweeper Survivor","Sweeper Survivor","Sweeper Survivor","Sweeper Survivor","Sweeper Survivor"
"STR_SMP_00373","Выиграйте аукцион","Win an auction","Win an auction","Win an auction","Выиграйте аукцион","Win an auction","Win an auction","Win an auction","Win an auction","Win an auction","Win an auction","Win an auction","Win an auction","Win an auction"
"STR_SMP_00374","Выигранные торги","Won auctions","Won auctions","Won auctions","Выигранные торги","Won auctions","Won auctions","Won auctions","Won auctions","Won auctions","Won auctions","Won auctions","Won auctions","Won auctions"
"STR_SMP_00375","Выйти из админ-режима","Exit admin mode","Exit admin mode","Exit admin mode","Выйти из админ-режима","Exit admin mode","Exit admin mode","Exit admin mode","Exit admin mode","Exit admin mode","Exit admin mode","Exit admin mode","Exit admin mode","Exit admin mode"
"STR_SMP_00376","Выключить аудит","Turn off auditing","Turn off auditing","Turn off auditing","Выключить аудит","Turn off auditing","Turn off auditing","Turn off auditing","Turn off auditing","Turn off auditing","Turn off auditing","Turn off auditing","Turn off auditing","Turn off auditing"
"STR_SMP_00377","Выполнен","Completed","Completed","Completed","Выполнен","Completed","Completed","Completed","Completed","Completed","Completed","Completed","Completed","Completed"
"STR_SMP_00378","Выполнено: ","Done: ","Done: ","Done: ","Выполнено: ","Done: ","Done: ","Done: ","Done: ","Done: ","Done: ","Done: ","Done: ","Done: "
"STR_SMP_00379","Выставить","Expose","Expose","Expose","Выставить","Expose","Expose","Expose","Expose","Expose","Expose","Expose","Expose","Expose"
"STR_SMP_00380","Выставлять лоты на рынок","Put lots on the market","Put lots on the market","Put lots on the market","Выставлять лоты на рынок","Put lots on the market","Put lots on the market","Put lots on the market","Put lots on the market","Put lots on the market","Put lots on the market","Put lots on the market","Put lots on the market","Put lots on the market"
"STR_SMP_00381","Высшая планка","The highest level","The highest level","The highest level","Высшая планка","The highest level","The highest level","The highest level","The highest level","The highest level","The highest level","The highest level","The highest level","The highest level"
"STR_SMP_00382","Выше плеч","Above the shoulders","Above the shoulders","Above the shoulders","Выше плеч","Above the shoulders","Above the shoulders","Above the shoulders","Above the shoulders","Above the shoulders","Above the shoulders","Above the shoulders","Above the shoulders","Above the shoulders"
"STR_SMP_00383","Глобал","Global","Global","Global","Глобал","Global","Global","Global","Global","Global","Global","Global","Global","Global"
"STR_SMP_00384","Голос","Voice","Voice","Voice","Голос","Voice","Voice","Voice","Voice","Voice","Voice","Voice","Voice","Voice"
"STR_SMP_00385","Готово","Done","Done","Done","Готово","Done","Done","Done","Done","Done","Done","Done","Done","Done"
"STR_SMP_00386","Гроза округи","Storm in the area","Storm in the area","Storm in the area","Гроза округи","Storm in the area","Storm in the area","Storm in the area","Storm in the area","Storm in the area","Storm in the area","Storm in the area","Storm in the area","Storm in the area"
"STR_SMP_00387","Громкий день","Loud day","Loud day","Loud day","Громкий день","Loud day","Loud day","Loud day","Loud day","Loud day","Loud day","Loud day","Loud day","Loud day"
"STR_SMP_00388","Грохот боя","The roar of battle","The roar of battle","The roar of battle","Грохот боя","The roar of battle","The roar of battle","The roar of battle","The roar of battle","The roar of battle","The roar of battle","The roar of battle","The roar of battle","The roar of battle"
"STR_SMP_00389","д ","d ","d ","d ","д ","d ","d ","d ","d ","d ","d ","d ","d ","d "
"STR_SMP_00390","Дальн.","Long","Long","Long","Дальн.","Long","Long","Long","Long","Long","Long","Long","Long","Long"
"STR_SMP_00391","Дальний выстрел","Long shot","Long shot","Long shot","Дальний выстрел","Long shot","Long shot","Long shot","Long shot","Long shot","Long shot","Long shot","Long shot","Long shot"
"STR_SMP_00392","Дальний выстрел засчитывается только когда огнестрельное попадание убило игрока.","A long shot only counts when the gunshot kills the player.","A long shot only counts when the gunshot kills the player.","A long shot only counts when the gunshot kills the player.","Дальний выстрел засчитывается только когда огнестрельное попадание убило игрока.","A long shot only counts when the gunshot kills the player.","A long shot only counts when the gunshot kills the player.","A long shot only counts when the gunshot kills the player.","A long shot only counts when the gunshot kills the player.","A long shot only counts when the gunshot kills the player.","A long shot only counts when the gunshot kills the player.","A long shot only counts when the gunshot kills the player.","A long shot only counts when the gunshot kills the player.","A long shot only counts when the gunshot kills the player."
"STR_SMP_00393","Дальний выстрел по игроку","Longest player shot","Longest player shot","Longest player shot","Дальний выстрел по игроку","Longest player shot","Longest player shot","Longest player shot","Longest player shot","Longest player shot","Longest player shot","Longest player shot","Longest player shot","Longest player shot"
"STR_SMP_00394","Дальняя дорога","Long road","Long road","Long road","Дальняя дорога","Long road","Long road","Long road","Long road","Long road","Long road","Long road","Long road","Long road"
"STR_SMP_00395","Дальняя колонна","Far column","Far column","Far column","Дальняя колонна","Far column","Far column","Far column","Far column","Far column","Far column","Far column","Far column","Far column"
"STR_SMP_00396","Дальняя работа","Long distance work","Long distance work","Long distance work","Дальняя работа","Long distance work","Long distance work","Long distance work","Long distance work","Long distance work","Long distance work","Long distance work","Long distance work","Long distance work"
"STR_SMP_00397","Дальняя рука","Far hand","Far hand","Far hand","Дальняя рука","Far hand","Far hand","Far hand","Far hand","Far hand","Far hand","Far hand","Far hand","Far hand"
"STR_SMP_00398","Дата","Date","Date","Date","Дата","Date","Date","Date","Date","Date","Date","Date","Date","Date"
"STR_SMP_00399","Дата подачи","Submission date","Submission date","Submission date","Дата подачи","Submission date","Submission date","Submission date","Submission date","Submission date","Submission date","Submission date","Submission date","Submission date"
"STR_SMP_00400","Двойной клик по сообщению открывает окно мута.","Double clicking on the message opens the mute window.","Double clicking on the message opens the mute window.","Double clicking on the message opens the mute window.","Двойной клик по сообщению открывает окно мута.","Double clicking on the message opens the mute window.","Double clicking on the message opens the mute window.","Double clicking on the message opens the mute window.","Double clicking on the message opens the mute window.","Double clicking on the message opens the mute window.","Double clicking on the message opens the mute window.","Double clicking on the message opens the mute window.","Double clicking on the message opens the mute window.","Double clicking on the message opens the mute window."
"STR_SMP_00401","Действие","Action","Action","Action","Действие","Action","Action","Action","Action","Action","Action","Action","Action","Action"
"STR_SMP_00402","Денег в вашем инвентаре: ","Money in your inventory: ","Money in your inventory: ","Money in your inventory: ","Денег в вашем инвентаре: ","Money in your inventory: ","Money in your inventory: ","Money in your inventory: ","Money in your inventory: ","Money in your inventory: ","Money in your inventory: ","Money in your inventory: ","Money in your inventory: ","Money in your inventory: "
"STR_SMP_00403","Деньги в дело","Money to work","Money to work","Money to work","Деньги в дело","Money to work","Money to work","Money to work","Money to work","Money to work","Money to work","Money to work","Money to work","Money to work"
"STR_SMP_00404","Деньги в казне (","Money in the treasury (","Money in the treasury (","Money in the treasury (","Деньги в казне (","Money in the treasury (","Money in the treasury (","Money in the treasury (","Money in the treasury (","Money in the treasury (","Money in the treasury (","Money in the treasury (","Money in the treasury (","Money in the treasury ("
"STR_SMP_00405","Деньги от продажи идут в казну клана-продавца. Комиссия рынка: ","The money from the sale goes to the treasury of the selling clan. Market commission: ","The money from the sale goes to the treasury of the selling clan. Market commission: ","The money from the sale goes to the treasury of the selling clan. Market commission: ","Деньги от продажи идут в казну клана-продавца. Комиссия рынка: ","The money from the sale goes to the treasury of the selling clan. Market commission: ","The money from the sale goes to the treasury of the selling clan. Market commission: ","The money from the sale goes to the treasury of the selling clan. Market commission: ","The money from the sale goes to the treasury of the selling clan. Market commission: ","The money from the sale goes to the treasury of the selling clan. Market commission: ","The money from the sale goes to the treasury of the selling clan. Market commission: ","The money from the sale goes to the treasury of the selling clan. Market commission: ","The money from the sale goes to the treasury of the selling clan. Market commission: ","The money from the sale goes to the treasury of the selling clan. Market commission: "
"STR_SMP_00406","Деньги:","Money:","Money:","Money:","Деньги:","Money:","Money:","Money:","Money:","Money:","Money:","Money:","Money:","Money:"
"STR_SMP_00407","Деньги: ","Money: ","Money: ","Money: ","Деньги: ","Money: ","Money: ","Money: ","Money: ","Money: ","Money: ","Money: ","Money: ","Money: "
"STR_SMP_00408","Дист. меток игроков","Dist. player tags","Dist. player tags","Dist. player tags","Дист. меток игроков","Dist. player tags","Dist. player tags","Dist. player tags","Dist. player tags","Dist. player tags","Dist. player tags","Dist. player tags","Dist. player tags","Dist. player tags"
"STR_SMP_00409","Дист. пингов игроков","Dist. player pings","Dist. player pings","Dist. player pings","Дист. пингов игроков","Dist. player pings","Dist. player pings","Dist. player pings","Dist. player pings","Dist. player pings","Dist. player pings","Dist. player pings","Dist. player pings","Dist. player pings"
"STR_SMP_00410","Дистанция в HUD","Distance in HUD","Distance in HUD","Distance in HUD","Дистанция в HUD","Distance in HUD","Distance in HUD","Distance in HUD","Distance in HUD","Distance in HUD","Distance in HUD","Distance in HUD","Distance in HUD","Distance in HUD"
"STR_SMP_00411","Длинная смена","Long shift","Long shift","Long shift","Длинная смена","Long shift","Long shift","Long shift","Long shift","Long shift","Long shift","Long shift","Long shift","Long shift"
"STR_SMP_00412","Для баз 3D не переключается","3D does not switch for bases","3D does not switch for bases","3D does not switch for bases","Для баз 3D не переключается","3D does not switch for bases","3D does not switch for bases","3D does not switch for bases","3D does not switch for bases","3D does not switch for bases","3D does not switch for bases","3D does not switch for bases","3D does not switch for bases","3D does not switch for bases"
"STR_SMP_00413","Для ур. ","For ur. ","For ur. ","For ur. ","Для ур. ","For ur. ","For ur. ","For ur. ","For ur. ","For ur. ","For ur. ","For ur. ","For ur. ","For ur. "
"STR_SMP_00414","До следующего: ","Until next: ","Until next: ","Until next: ","До следующего: ","Until next: ","Until next: ","Until next: ","Until next: ","Until next: ","Until next: ","Until next: ","Until next: ","Until next: "
"STR_SMP_00415","Добавить клановую","Add clan","Add clan","Add clan","Добавить клановую","Add clan","Add clan","Add clan","Add clan","Add clan","Add clan","Add clan","Add clan","Add clan"
"STR_SMP_00416","Добавить личную","Add personal","Add personal","Add personal","Добавить личную","Add personal","Add personal","Add personal","Add personal","Add personal","Add personal","Add personal","Add personal","Add personal"
"STR_SMP_00417","Добавить метку","Add a tag","Add a tag","Add a tag","Добавить метку","Add a tag","Add a tag","Add a tag","Add a tag","Add a tag","Add a tag","Add a tag","Add a tag","Add a tag"
"STR_SMP_00418","Долгая вахта","Long watch","Long watch","Long watch","Долгая вахта","Long watch","Long watch","Long watch","Long watch","Long watch","Long watch","Long watch","Long watch","Long watch"
"STR_SMP_00419","Достигнут лимит кланов на сервере","The limit of clans on the server has been reached","The limit of clans on the server has been reached","The limit of clans on the server has been reached","Достигнут лимит кланов на сервере","The limit of clans on the server has been reached","The limit of clans on the server has been reached","The limit of clans on the server has been reached","The limit of clans on the server has been reached","The limit of clans on the server has been reached","The limit of clans on the server has been reached","The limit of clans on the server has been reached","The limit of clans on the server has been reached","The limit of clans on the server has been reached"
"STR_SMP_00420","Достигнут максимальный уровень клана (","Maximum clan level reached (","Maximum clan level reached (","Maximum clan level reached (","Достигнут максимальный уровень клана (","Maximum clan level reached (","Maximum clan level reached (","Maximum clan level reached (","Maximum clan level reached (","Maximum clan level reached (","Maximum clan level reached (","Maximum clan level reached (","Maximum clan level reached (","Maximum clan level reached ("
"STR_SMP_00421","Достижение","Achievement","Achievement","Achievement","Достижение","Achievement","Achievement","Achievement","Achievement","Achievement","Achievement","Achievement","Achievement","Achievement"
"STR_SMP_00422","Достижение ""","Achievement""","Achievement""","Achievement""","Достижение ""","Achievement""","Achievement""","Achievement""","Achievement""","Achievement""","Achievement""","Achievement""","Achievement""","Achievement"""
"STR_SMP_00423","Достижение ещё не выполнено","Achievement not completed yet","Achievement not completed yet","Achievement not completed yet","Достижение ещё не выполнено","Achievement not completed yet","Achievement not completed yet","Achievement not completed yet","Achievement not completed yet","Achievement not completed yet","Achievement not completed yet","Achievement not completed yet","Achievement not completed yet","Achievement not completed yet"
"STR_SMP_00424","Достижение клана","Clan achievement","Clan achievement","Clan achievement","Достижение клана","Clan achievement","Clan achievement","Clan achievement","Clan achievement","Clan achievement","Clan achievement","Clan achievement","Clan achievement","Clan achievement"
"STR_SMP_00425","Достижение не найдено","Achievement not found","Achievement not found","Achievement not found","Достижение не найдено","Achievement not found","Achievement not found","Achievement not found","Achievement not found","Achievement not found","Achievement not found","Achievement not found","Achievement not found","Achievement not found"
"STR_SMP_00426","Достижения","Achievements","Achievements","Achievements","Достижения","Achievements","Achievements","Achievements","Achievements","Achievements","Achievements","Achievements","Achievements","Achievements"
"STR_SMP_00427","Железный прицел","iron sight","iron sight","iron sight","Железный прицел","iron sight","iron sight","iron sight","iron sight","iron sight","iron sight","iron sight","iron sight","iron sight"
"STR_SMP_00428","Живая легенда","Living legend","Living legend","Living legend","Живая легенда","Living legend","Living legend","Living legend","Living legend","Living legend","Living legend","Living legend","Living legend","Living legend"
"STR_SMP_00429","Живучий состав","Tenacious composition","Tenacious composition","Tenacious composition","Живучий состав","Tenacious composition","Tenacious composition","Tenacious composition","Tenacious composition","Tenacious composition","Tenacious composition","Tenacious composition","Tenacious composition","Tenacious composition"
"STR_SMP_00430","Жизнь","Life","Life","Life","Жизнь","Life","Life","Life","Life","Life","Life","Life","Life","Life"
"STR_SMP_00431","Жизнь без смерти","Life without death","Life without death","Life without death","Жизнь без смерти","Life without death","Life without death","Life without death","Life without death","Life without death","Life without death","Life without death","Life without death","Life without death"
"STR_SMP_00432","Жизнь сервера","Server life","Server life","Server life","Жизнь сервера","Server life","Server life","Server life","Server life","Server life","Server life","Server life","Server life","Server life"
"STR_SMP_00433","Житель сервера","Server resident","Server resident","Server resident","Житель сервера","Server resident","Server resident","Server resident","Server resident","Server resident","Server resident","Server resident","Server resident","Server resident"
"STR_SMP_00434","Журнал","Magazine","Magazine","Magazine","Журнал","Magazine","Magazine","Magazine","Magazine","Magazine","Magazine","Magazine","Magazine","Magazine"
"STR_SMP_00435","Журнал клана","Clan Journal","Clan Journal","Clan Journal","Журнал клана","Clan Journal","Clan Journal","Clan Journal","Clan Journal","Clan Journal","Clan Journal","Clan Journal","Clan Journal","Clan Journal"
"STR_SMP_00436","З","W","W","W","З","W","W","W","W","W","W","W","W","W"
"STR_SMP_00437","За горизонтом","Over the horizon","Over the horizon","Over the horizon","За горизонтом","Over the horizon","Over the horizon","Over the horizon","Over the horizon","Over the horizon","Over the horizon","Over the horizon","Over the horizon","Over the horizon"
"STR_SMP_00438","Забрать","Pick up","Pick up","Pick up","Забрать","Pick up","Pick up","Pick up","Pick up","Pick up","Pick up","Pick up","Pick up","Pick up"
"STR_SMP_00439","Закрыто","Closed","Closed","Closed","Закрыто","Closed","Closed","Closed","Closed","Closed","Closed","Closed","Closed","Closed"
"STR_SMP_00440","Закрытый слот","Locked slot","Locked slot","Locked slot","Закрытый слот","Locked slot","Locked slot","Locked slot","Locked slot","Locked slot","Locked slot","Locked slot","Locked slot","Locked slot"
"STR_SMP_00441","Закрыть","Close","Close","Close","Закрыть","Close","Close","Close","Close","Close","Close","Close","Close","Close"
"STR_SMP_00442","Закрыть карту","Close map","Close map","Close map","Закрыть карту","Close map","Close map","Close map","Close map","Close map","Close map","Close map","Close map","Close map"
"STR_SMP_00443","Запасливый","Thrifty","Thrifty","Thrifty","Запасливый","Thrifty","Thrifty","Thrifty","Thrifty","Thrifty","Thrifty","Thrifty","Thrifty","Thrifty"
"STR_SMP_00444","Заполненный сейф","Filled safe","Filled safe","Filled safe","Заполненный сейф","Filled safe","Filled safe","Filled safe","Filled safe","Filled safe","Filled safe","Filled safe","Filled safe","Filled safe"
"STR_SMP_00445","заражённый","infected","infected","infected","заражённый","infected","infected","infected","infected","infected","infected","infected","infected","infected"
"STR_SMP_00446","Затухание чата","Chat fade out","Chat fade out","Chat fade out","Затухание чата","Chat fade out","Chat fade out","Chat fade out","Chat fade out","Chat fade out","Chat fade out","Chat fade out","Chat fade out","Chat fade out"
"STR_SMP_00447","Зачистка","Stripping","Stripping","Stripping","Зачистка","Stripping","Stripping","Stripping","Stripping","Stripping","Stripping","Stripping","Stripping","Stripping"
"STR_SMP_00448","Зачистка улиц","Street cleaning","Street cleaning","Street cleaning","Зачистка улиц","Street cleaning","Street cleaning","Street cleaning","Street cleaning","Street cleaning","Street cleaning","Street cleaning","Street cleaning","Street cleaning"
"STR_SMP_00449","Заявка в клан","Application to the clan","Application to the clan","Application to the clan","Заявка в клан","Application to the clan","Application to the clan","Application to the clan","Application to the clan","Application to the clan","Application to the clan","Application to the clan","Application to the clan","Application to the clan"
"STR_SMP_00450","Заявка в клан ""","Application to the clan ""","Application to the clan ""","Application to the clan ""","Заявка в клан ""","Application to the clan ""","Application to the clan ""","Application to the clan ""","Application to the clan ""","Application to the clan ""","Application to the clan ""","Application to the clan ""","Application to the clan ""","Application to the clan """
"STR_SMP_00451","Заявка игрока ","Player Application ","Player Application ","Player Application ","Заявка игрока ","Player Application ","Player Application ","Player Application ","Player Application ","Player Application ","Player Application ","Player Application ","Player Application ","Player Application "
"STR_SMP_00452","Заявка уже подана, ждите решения","The application has already been submitted, wait for the decision","The application has already been submitted, wait for the decision","The application has already been submitted, wait for the decision","Заявка уже подана, ждите решения","The application has already been submitted, wait for the decision","The application has already been submitted, wait for the decision","The application has already been submitted, wait for the decision","The application has already been submitted, wait for the decision","The application has already been submitted, wait for the decision","The application has already been submitted, wait for the decision","The application has already been submitted, wait for the decision","The application has already been submitted, wait for the decision","The application has already been submitted, wait for the decision"
"STR_SMP_00453","Заявки","Applications","Applications","Applications","Заявки","Applications","Applications","Applications","Applications","Applications","Applications","Applications","Applications","Applications"
"STR_SMP_00454","Заявки (","Applications (","Applications (","Applications (","Заявки (","Applications (","Applications (","Applications (","Applications (","Applications (","Applications (","Applications (","Applications (","Applications ("
"STR_SMP_00455","Заявки на вступление: ","Applications for membership: ","Applications for membership: ","Applications for membership: ","Заявки на вступление: ","Applications for membership: ","Applications for membership: ","Applications for membership: ","Applications for membership: ","Applications for membership: ","Applications for membership: ","Applications for membership: ","Applications for membership: ","Applications for membership: "
"STR_SMP_00456","Заявок на вступление нет","There are no applications to join","There are no applications to join","There are no applications to join","Заявок на вступление нет","There are no applications to join","There are no applications to join","There are no applications to join","There are no applications to join","There are no applications to join","There are no applications to join","There are no applications to join","There are no applications to join","There are no applications to join"
"STR_SMP_00457","Звание","Title","Title","Title","Звание","Title","Title","Title","Title","Title","Title","Title","Title","Title"
"STR_SMP_00458","Звания","Titles","Titles","Titles","Звания","Titles","Titles","Titles","Titles","Titles","Titles","Titles","Titles","Titles"
"STR_SMP_00459","Звания выключены","Ranks are disabled","Ranks are disabled","Ranks are disabled","Звания выключены","Ranks are disabled","Ranks are disabled","Ranks are disabled","Ranks are disabled","Ranks are disabled","Ranks are disabled","Ranks are disabled","Ranks are disabled","Ranks are disabled"
"STR_SMP_00460","Звания игроков","Player ranks","Player ranks","Player ranks","Звания игроков","Player ranks","Player ranks","Player ranks","Player ranks","Player ranks","Player ranks","Player ranks","Player ranks","Player ranks"
"STR_SMP_00461","Значение","Meaning","Meaning","Meaning","Значение","Meaning","Meaning","Meaning","Meaning","Meaning","Meaning","Meaning","Meaning","Meaning"
"STR_SMP_00462","Зомби","Zombies","Zombies","Zombies","Зомби","Zombies","Zombies","Zombies","Zombies","Zombies","Zombies","Zombies","Zombies","Zombies"
"STR_SMP_00463","Игрок","Player","Player","Player","Игрок","Player","Player","Player","Player","Player","Player","Player","Player","Player"
"STR_SMP_00464","Игрок вступил по приглашению от ","The player joined by invitation from ","The player joined by invitation from ","The player joined by invitation from ","Игрок вступил по приглашению от ","The player joined by invitation from ","The player joined by invitation from ","The player joined by invitation from ","The player joined by invitation from ","The player joined by invitation from ","The player joined by invitation from ","The player joined by invitation from ","The player joined by invitation from ","The player joined by invitation from "
"STR_SMP_00465","Игрок не в сети","Player is offline","Player is offline","Player is offline","Игрок не в сети","Player is offline","Player is offline","Player is offline","Player is offline","Player is offline","Player is offline","Player is offline","Player is offline","Player is offline"
"STR_SMP_00466","Игрок не выбран","Player not selected","Player not selected","Player not selected","Игрок не выбран","Player not selected","Player not selected","Player not selected","Player not selected","Player not selected","Player not selected","Player not selected","Player not selected","Player not selected"
"STR_SMP_00467","Игрок не найден. Используйте онлайн ник или SteamID64","Player not found. Use an online nickname or SteamID64","Player not found. Use an online nickname or SteamID64","Player not found. Use an online nickname or SteamID64","Игрок не найден. Используйте онлайн ник или SteamID64","Player not found. Use an online nickname or SteamID64","Player not found. Use an online nickname or SteamID64","Player not found. Use an online nickname or SteamID64","Player not found. Use an online nickname or SteamID64","Player not found. Use an online nickname or SteamID64","Player not found. Use an online nickname or SteamID64","Player not found. Use an online nickname or SteamID64","Player not found. Use an online nickname or SteamID64","Player not found. Use an online nickname or SteamID64"
"STR_SMP_00468","Игрок уже состоит в клане","The player is already a member of a clan","The player is already a member of a clan","The player is already a member of a clan","Игрок уже состоит в клане","The player is already a member of a clan","The player is already a member of a clan","The player is already a member of a clan","The player is already a member of a clan","The player is already a member of a clan","The player is already a member of a clan","The player is already a member of a clan","The player is already a member of a clan","The player is already a member of a clan"
"STR_SMP_00469","Игрок: ","Player: ","Player: ","Player: ","Игрок: ","Player: ","Player: ","Player: ","Player: ","Player: ","Player: ","Player: ","Player: ","Player: "
"STR_SMP_00470","Игроки","Players","Players","Players","Игроки","Players","Players","Players","Players","Players","Players","Players","Players","Players"
"STR_SMP_00471","Игроки онлайн","Players online","Players online","Players online","Игроки онлайн","Players online","Players online","Players online","Players online","Players online","Players online","Players online","Players online","Players online"
"STR_SMP_00472","Игроки онлайн: ","Players online: ","Players online: ","Players online: ","Игроки онлайн: ","Players online: ","Players online: ","Players online: ","Players online: ","Players online: ","Players online: ","Players online: ","Players online: ","Players online: "
"STR_SMP_00473","Игроки сортируются по званию. Звание сохраняется за игроком, даже если он сменит клан.","Players are sorted by rank. The rank remains with the player, even if he changes clan.","Players are sorted by rank. The rank remains with the player, even if he changes clan.","Players are sorted by rank. The rank remains with the player, even if he changes clan.","Игроки сортируются по званию. Звание сохраняется за игроком, даже если он сменит клан.","Players are sorted by rank. The rank remains with the player, even if he changes clan.","Players are sorted by rank. The rank remains with the player, even if he changes clan.","Players are sorted by rank. The rank remains with the player, even if he changes clan.","Players are sorted by rank. The rank remains with the player, even if he changes clan.","Players are sorted by rank. The rank remains with the player, even if he changes clan.","Players are sorted by rank. The rank remains with the player, even if he changes clan.","Players are sorted by rank. The rank remains with the player, even if he changes clan.","Players are sorted by rank. The rank remains with the player, even if he changes clan.","Players are sorted by rank. The rank remains with the player, even if he changes clan."
"STR_SMP_00474","Игроков в HUD","Players in HUD","Players in HUD","Players in HUD","Игроков в HUD","Players in HUD","Players in HUD","Players in HUD","Players in HUD","Players in HUD","Players in HUD","Players in HUD","Players in HUD","Players in HUD"
"STR_SMP_00475","Изменение ранга","Rank change","Rank change","Rank change","Изменение ранга","Rank change","Rank change","Rank change","Rank change","Rank change","Rank change","Rank change","Rank change","Rank change"
"STR_SMP_00476","Изменение состава","Lineup changes","Lineup changes","Lineup changes","Изменение состава","Lineup changes","Lineup changes","Lineup changes","Lineup changes","Lineup changes","Lineup changes","Lineup changes","Lineup changes","Lineup changes"
"STR_SMP_00477","Имя","Name","Name","Name","Имя","Name","Name","Name","Name","Name","Name","Name","Name","Name"
"STR_SMP_00478","Искатель","Seeker","Seeker","Seeker","Искатель","Seeker","Seeker","Seeker","Seeker","Seeker","Seeker","Seeker","Seeker","Seeker"
"STR_SMP_00479","Исключать (кик)","Eliminate (kick)","Eliminate (kick)","Eliminate (kick)","Исключать (кик)","Eliminate (kick)","Eliminate (kick)","Eliminate (kick)","Eliminate (kick)","Eliminate (kick)","Eliminate (kick)","Eliminate (kick)","Eliminate (kick)","Eliminate (kick)"
"STR_SMP_00480","История исполнителя и клана","History of the performer and clan","History of the performer and clan","History of the performer and clan","История исполнителя и клана","History of the performer and clan","History of the performer and clan","History of the performer and clan","History of the performer and clan","History of the performer and clan","History of the performer and clan","History of the performer and clan","History of the performer and clan","History of the performer and clan"
"STR_SMP_00481","История чата","Chat history","Chat history","Chat history","История чата","Chat history","Chat history","Chat history","Chat history","Chat history","Chat history","Chat history","Chat history","Chat history"
"STR_SMP_00482","Казна","Treasury","Treasury","Treasury","Казна","Treasury","Treasury","Treasury","Treasury","Treasury","Treasury","Treasury","Treasury","Treasury"
"STR_SMP_00483","казна ","Treasury ","Treasury ","Treasury ","казна ","Treasury ","Treasury ","Treasury ","Treasury ","Treasury ","Treasury ","Treasury ","Treasury ","Treasury "
"STR_SMP_00484","Казна клана","Clan treasury","Clan treasury","Clan treasury","Казна клана","Clan treasury","Clan treasury","Clan treasury","Clan treasury","Clan treasury","Clan treasury","Clan treasury","Clan treasury","Clan treasury"
"STR_SMP_00485","Казна клана достигла 10000","Clan treasury reached 10,000","Clan treasury reached 10,000","Clan treasury reached 10,000","Казна клана достигла 10000","Clan treasury reached 10,000","Clan treasury reached 10,000","Clan treasury reached 10,000","Clan treasury reached 10,000","Clan treasury reached 10,000","Clan treasury reached 10,000","Clan treasury reached 10,000","Clan treasury reached 10,000","Clan treasury reached 10,000"
"STR_SMP_00486","Казна клана достигла 100000","Clan treasury reached 100,000","Clan treasury reached 100,000","Clan treasury reached 100,000","Казна клана достигла 100000","Clan treasury reached 100,000","Clan treasury reached 100,000","Clan treasury reached 100,000","Clan treasury reached 100,000","Clan treasury reached 100,000","Clan treasury reached 100,000","Clan treasury reached 100,000","Clan treasury reached 100,000","Clan treasury reached 100,000"
"STR_SMP_00487","Казна клана достигла 250000","Clan treasury reached 250,000","Clan treasury reached 250,000","Clan treasury reached 250,000","Казна клана достигла 250000","Clan treasury reached 250,000","Clan treasury reached 250,000","Clan treasury reached 250,000","Clan treasury reached 250,000","Clan treasury reached 250,000","Clan treasury reached 250,000","Clan treasury reached 250,000","Clan treasury reached 250,000","Clan treasury reached 250,000"
"STR_SMP_00488","Казна клана достигла 50000","Clan treasury reached 50,000","Clan treasury reached 50,000","Clan treasury reached 50,000","Казна клана достигла 50000","Clan treasury reached 50,000","Clan treasury reached 50,000","Clan treasury reached 50,000","Clan treasury reached 50,000","Clan treasury reached 50,000","Clan treasury reached 50,000","Clan treasury reached 50,000","Clan treasury reached 50,000","Clan treasury reached 50,000"
"STR_SMP_00489","Казна клана достигла 500000","Clan treasury reached 500,000","Clan treasury reached 500,000","Clan treasury reached 500,000","Казна клана достигла 500000","Clan treasury reached 500,000","Clan treasury reached 500,000","Clan treasury reached 500,000","Clan treasury reached 500,000","Clan treasury reached 500,000","Clan treasury reached 500,000","Clan treasury reached 500,000","Clan treasury reached 500,000","Clan treasury reached 500,000"
"STR_SMP_00490","Казна клана: ","Clan treasury: ","Clan treasury: ","Clan treasury: ","Казна клана: ","Clan treasury: ","Clan treasury: ","Clan treasury: ","Clan treasury: ","Clan treasury: ","Clan treasury: ","Clan treasury: ","Clan treasury: ","Clan treasury: "
"STR_SMP_00491","Казна пуста","The treasury is empty","The treasury is empty","The treasury is empty","Казна пуста","The treasury is empty","The treasury is empty","The treasury is empty","The treasury is empty","The treasury is empty","The treasury is empty","The treasury is empty","The treasury is empty","The treasury is empty"
"STR_SMP_00492","Казна, рынок и база","Treasury, market and base","Treasury, market and base","Treasury, market and base","Казна, рынок и база","Treasury, market and base","Treasury, market and base","Treasury, market and base","Treasury, market and base","Treasury, market and base","Treasury, market and base","Treasury, market and base","Treasury, market and base","Treasury, market and base"
"STR_SMP_00493","Казна: ","Treasury: ","Treasury: ","Treasury: ","Казна: ","Treasury: ","Treasury: ","Treasury: ","Treasury: ","Treasury: ","Treasury: ","Treasury: ","Treasury: ","Treasury: "
"STR_SMP_00494","Казначеи","Treasurers","Treasurers","Treasurers","Казначеи","Treasurers","Treasurers","Treasurers","Treasurers","Treasurers","Treasurers","Treasurers","Treasurers","Treasurers"
"STR_SMP_00495","Канал","Channel","Channel","Channel","Канал","Channel","Channel","Channel","Channel","Channel","Channel","Channel","Channel","Channel"
"STR_SMP_00496","Карантин","Quarantine","Quarantine","Quarantine","Карантин","Quarantine","Quarantine","Quarantine","Quarantine","Quarantine","Quarantine","Quarantine","Quarantine","Quarantine"
"STR_SMP_00497","Карантинная зона","Quarantine zone","Quarantine zone","Quarantine zone","Карантинная зона","Quarantine zone","Quarantine zone","Quarantine zone","Quarantine zone","Quarantine zone","Quarantine zone","Quarantine zone","Quarantine zone","Quarantine zone"
"STR_SMP_00498","Карта","Map","Map","Map","Карта","Map","Map","Map","Map","Map","Map","Map","Map","Map"
"STR_SMP_00499","Карта и быстрые метки","Map and Quick Tags","Map and Quick Tags","Map and Quick Tags","Карта и быстрые метки","Map and Quick Tags","Map and Quick Tags","Map and Quick Tags","Map and Quick Tags","Map and Quick Tags","Map and Quick Tags","Map and Quick Tags","Map and Quick Tags","Map and Quick Tags"
"STR_SMP_00500","Карта клана","Clan card","Clan card","Clan card","Карта клана","Clan card","Clan card","Clan card","Clan card","Clan card","Clan card","Clan card","Clan card","Clan card"
"STR_SMP_00501","Карта: ОШИБКА - виджет не создан движком","Map: ERROR - widget not created by the engine","Map: ERROR - widget not created by the engine","Map: ERROR - widget not created by the engine","Карта: ОШИБКА - виджет не создан движком","Map: ERROR - widget not created by the engine","Map: ERROR - widget not created by the engine","Map: ERROR - widget not created by the engine","Map: ERROR - widget not created by the engine","Map: ERROR - widget not created by the engine","Map: ERROR - widget not created by the engine","Map: ERROR - widget not created by the engine","Map: ERROR - widget not created by the engine","Map: ERROR - widget not created by the engine"
"STR_SMP_00502","Кикнуть игрока","Kick a player","Kick a player","Kick a player","Кикнуть игрока","Kick a player","Kick a player","Kick a player","Kick a player","Kick a player","Kick a player","Kick a player","Kick a player","Kick a player"
"STR_SMP_00503","Кладовщик","Storekeeper","Storekeeper","Storekeeper","Кладовщик","Storekeeper","Storekeeper","Storekeeper","Storekeeper","Storekeeper","Storekeeper","Storekeeper","Storekeeper","Storekeeper"
"STR_SMP_00504","Клан","Clan","Clan","Clan","Клан","Clan","Clan","Clan","Clan","Clan","Clan","Clan","Clan","Clan"
"STR_SMP_00505","КЛАН","Clan","Clan","Clan","КЛАН","Clan","Clan","Clan","Clan","Clan","Clan","Clan","Clan","Clan"
"STR_SMP_00506","Клан ","Clan ","Clan ","Clan ","Клан ","Clan ","Clan ","Clan ","Clan ","Clan ","Clan ","Clan ","Clan ","Clan "
"STR_SMP_00507","Клан ""","Clan""","Clan""","Clan""","Клан ""","Clan""","Clan""","Clan""","Clan""","Clan""","Clan""","Clan""","Clan""","Clan"""
"STR_SMP_00508","Клан больше не существует","The clan no longer exists","The clan no longer exists","The clan no longer exists","Клан больше не существует","The clan no longer exists","The clan no longer exists","The clan no longer exists","The clan no longer exists","The clan no longer exists","The clan no longer exists","The clan no longer exists","The clan no longer exists","The clan no longer exists"
"STR_SMP_00509","Клан будет распущен безвозвратно. ","The clan will be disbanded forever. ","The clan will be disbanded forever. ","The clan will be disbanded forever. ","Клан будет распущен безвозвратно. ","The clan will be disbanded forever. ","The clan will be disbanded forever. ","The clan will be disbanded forever. ","The clan will be disbanded forever. ","The clan will be disbanded forever. ","The clan will be disbanded forever. ","The clan will be disbanded forever. ","The clan will be disbanded forever. ","The clan will be disbanded forever. "
"STR_SMP_00510","Клан был распущен - ваш лот ","The clan was disbanded - your lot ","The clan was disbanded - your lot ","The clan was disbanded - your lot ","Клан был распущен - ваш лот ","The clan was disbanded - your lot ","The clan was disbanded - your lot ","The clan was disbanded - your lot ","The clan was disbanded - your lot ","The clan was disbanded - your lot ","The clan was disbanded - your lot ","The clan was disbanded - your lot ","The clan was disbanded - your lot ","The clan was disbanded - your lot "
"STR_SMP_00511","Клан был распущен - ваш предмет со склада возвращён (под ноги)","The clan has been disbanded - your item has been returned from the storage (at your feet)","The clan has been disbanded - your item has been returned from the storage (at your feet)","The clan has been disbanded - your item has been returned from the storage (at your feet)","Клан был распущен - ваш предмет со склада возвращён (под ноги)","The clan has been disbanded - your item has been returned from the storage (at your feet)","The clan has been disbanded - your item has been returned from the storage (at your feet)","The clan has been disbanded - your item has been returned from the storage (at your feet)","The clan has been disbanded - your item has been returned from the storage (at your feet)","The clan has been disbanded - your item has been returned from the storage (at your feet)","The clan has been disbanded - your item has been returned from the storage (at your feet)","The clan has been disbanded - your item has been returned from the storage (at your feet)","The clan has been disbanded - your item has been returned from the storage (at your feet)","The clan has been disbanded - your item has been returned from the storage (at your feet)"
"STR_SMP_00512","Клан внёс 10000 в казну","The clan contributed 10,000 to the treasury","The clan contributed 10,000 to the treasury","The clan contributed 10,000 to the treasury","Клан внёс 10000 в казну","The clan contributed 10,000 to the treasury","The clan contributed 10,000 to the treasury","The clan contributed 10,000 to the treasury","The clan contributed 10,000 to the treasury","The clan contributed 10,000 to the treasury","The clan contributed 10,000 to the treasury","The clan contributed 10,000 to the treasury","The clan contributed 10,000 to the treasury","The clan contributed 10,000 to the treasury"
"STR_SMP_00513","Клан внёс 100000 в казну","The clan contributed 100,000 to the treasury","The clan contributed 100,000 to the treasury","The clan contributed 100,000 to the treasury","Клан внёс 100000 в казну","The clan contributed 100,000 to the treasury","The clan contributed 100,000 to the treasury","The clan contributed 100,000 to the treasury","The clan contributed 100,000 to the treasury","The clan contributed 100,000 to the treasury","The clan contributed 100,000 to the treasury","The clan contributed 100,000 to the treasury","The clan contributed 100,000 to the treasury","The clan contributed 100,000 to the treasury"
"STR_SMP_00514","Клан внёс 50000 в казну","The clan contributed 50,000 to the treasury","The clan contributed 50,000 to the treasury","The clan contributed 50,000 to the treasury","Клан внёс 50000 в казну","The clan contributed 50,000 to the treasury","The clan contributed 50,000 to the treasury","The clan contributed 50,000 to the treasury","The clan contributed 50,000 to the treasury","The clan contributed 50,000 to the treasury","The clan contributed 50,000 to the treasury","The clan contributed 50,000 to the treasury","The clan contributed 50,000 to the treasury","The clan contributed 50,000 to the treasury"
"STR_SMP_00515","Клан выиграл 10 аукционов","The clan won 10 auctions","The clan won 10 auctions","The clan won 10 auctions","Клан выиграл 10 аукционов","The clan won 10 auctions","The clan won 10 auctions","The clan won 10 auctions","The clan won 10 auctions","The clan won 10 auctions","The clan won 10 auctions","The clan won 10 auctions","The clan won 10 auctions","The clan won 10 auctions"
"STR_SMP_00516","Клан достиг 2 уровня","Clan reached level 2","Clan reached level 2","Clan reached level 2","Клан достиг 2 уровня","Clan reached level 2","Clan reached level 2","Clan reached level 2","Clan reached level 2","Clan reached level 2","Clan reached level 2","Clan reached level 2","Clan reached level 2","Clan reached level 2"
"STR_SMP_00517","Клан достиг 3 уровня","The clan has reached level 3","The clan has reached level 3","The clan has reached level 3","Клан достиг 3 уровня","The clan has reached level 3","The clan has reached level 3","The clan has reached level 3","The clan has reached level 3","The clan has reached level 3","The clan has reached level 3","The clan has reached level 3","The clan has reached level 3","The clan has reached level 3"
"STR_SMP_00518","Клан достиг 5 уровня","Clan reached level 5","Clan reached level 5","Clan reached level 5","Клан достиг 5 уровня","Clan reached level 5","Clan reached level 5","Clan reached level 5","Clan reached level 5","Clan reached level 5","Clan reached level 5","Clan reached level 5","Clan reached level 5","Clan reached level 5"
"STR_SMP_00519","Клан заполнен","The clan is full","The clan is full","The clan is full","Клан заполнен","The clan is full","The clan is full","The clan is full","The clan is full","The clan is full","The clan is full","The clan is full","The clan is full","The clan is full"
"STR_SMP_00520","Клан заполнен (","The clan is full (","The clan is full (","The clan is full (","Клан заполнен (","The clan is full (","The clan is full (","The clan is full (","The clan is full (","The clan is full (","The clan is full (","The clan is full (","The clan is full (","The clan is full ("
"STR_SMP_00521","Клан не найден","Clan not found","Clan not found","Clan not found","Клан не найден","Clan not found","Clan not found","Clan not found","Clan not found","Clan not found","Clan not found","Clan not found","Clan not found","Clan not found"
"STR_SMP_00522","Клан положил 100 предметов в хранилище","The clan put 100 items into storage","The clan put 100 items into storage","The clan put 100 items into storage","Клан положил 100 предметов в хранилище","The clan put 100 items into storage","The clan put 100 items into storage","The clan put 100 items into storage","The clan put 100 items into storage","The clan put 100 items into storage","The clan put 100 items into storage","The clan put 100 items into storage","The clan put 100 items into storage","The clan put 100 items into storage"
"STR_SMP_00523","Клан попал 2500 раз","Clan hit 2500 times","Clan hit 2500 times","Clan hit 2500 times","Клан попал 2500 раз","Clan hit 2500 times","Clan hit 2500 times","Clan hit 2500 times","Clan hit 2500 times","Clan hit 2500 times","Clan hit 2500 times","Clan hit 2500 times","Clan hit 2500 times","Clan hit 2500 times"
"STR_SMP_00524","Клан попал 500 раз","Clan hit 500 times","Clan hit 500 times","Clan hit 500 times","Клан попал 500 раз","Clan hit 500 times","Clan hit 500 times","Clan hit 500 times","Clan hit 500 times","Clan hit 500 times","Clan hit 500 times","Clan hit 500 times","Clan hit 500 times","Clan hit 500 times"
"STR_SMP_00525","Клан провёл онлайн 10 часов","The clan spent 10 hours online","The clan spent 10 hours online","The clan spent 10 hours online","Клан провёл онлайн 10 часов","The clan spent 10 hours online","The clan spent 10 hours online","The clan spent 10 hours online","The clan spent 10 hours online","The clan spent 10 hours online","The clan spent 10 hours online","The clan spent 10 hours online","The clan spent 10 hours online","The clan spent 10 hours online"
"STR_SMP_00526","Клан провёл онлайн 100 часов","The clan spent 100 hours online","The clan spent 100 hours online","The clan spent 100 hours online","Клан провёл онлайн 100 часов","The clan spent 100 hours online","The clan spent 100 hours online","The clan spent 100 hours online","The clan spent 100 hours online","The clan spent 100 hours online","The clan spent 100 hours online","The clan spent 100 hours online","The clan spent 100 hours online","The clan spent 100 hours online"
"STR_SMP_00527","Клан провёл онлайн 250 часов","The clan spent 250 hours online","The clan spent 250 hours online","The clan spent 250 hours online","Клан провёл онлайн 250 часов","The clan spent 250 hours online","The clan spent 250 hours online","The clan spent 250 hours online","The clan spent 250 hours online","The clan spent 250 hours online","The clan spent 250 hours online","The clan spent 250 hours online","The clan spent 250 hours online","The clan spent 250 hours online"
"STR_SMP_00528","Клан провёл онлайн 50 часов","The clan spent 50 hours online","The clan spent 50 hours online","The clan spent 50 hours online","Клан провёл онлайн 50 часов","The clan spent 50 hours online","The clan spent 50 hours online","The clan spent 50 hours online","The clan spent 50 hours online","The clan spent 50 hours online","The clan spent 50 hours online","The clan spent 50 hours online","The clan spent 50 hours online","The clan spent 50 hours online"
"STR_SMP_00529","Клан продал 10 лотов на аукционе","The clan sold 10 lots at auction","The clan sold 10 lots at auction","The clan sold 10 lots at auction","Клан продал 10 лотов на аукционе","The clan sold 10 lots at auction","The clan sold 10 lots at auction","The clan sold 10 lots at auction","The clan sold 10 lots at auction","The clan sold 10 lots at auction","The clan sold 10 lots at auction","The clan sold 10 lots at auction","The clan sold 10 lots at auction","The clan sold 10 lots at auction"
"STR_SMP_00530","Клан продал 10 лотов на рынке","The clan sold 10 lots on the market","The clan sold 10 lots on the market","The clan sold 10 lots on the market","Клан продал 10 лотов на рынке","The clan sold 10 lots on the market","The clan sold 10 lots on the market","The clan sold 10 lots on the market","The clan sold 10 lots on the market","The clan sold 10 lots on the market","The clan sold 10 lots on the market","The clan sold 10 lots on the market","The clan sold 10 lots on the market","The clan sold 10 lots on the market"
"STR_SMP_00531","Клан продал 50 лотов на рынке","The clan sold 50 lots on the market","The clan sold 50 lots on the market","The clan sold 50 lots on the market","Клан продал 50 лотов на рынке","The clan sold 50 lots on the market","The clan sold 50 lots on the market","The clan sold 50 lots on the market","The clan sold 50 lots on the market","The clan sold 50 lots on the market","The clan sold 50 lots on the market","The clan sold 50 lots on the market","The clan sold 50 lots on the market","The clan sold 50 lots on the market"
"STR_SMP_00532","Клан прокачан до уровня ","The clan has been upgraded to the level ","The clan has been upgraded to the level ","The clan has been upgraded to the level ","Клан прокачан до уровня ","The clan has been upgraded to the level ","The clan has been upgraded to the level ","The clan has been upgraded to the level ","The clan has been upgraded to the level ","The clan has been upgraded to the level ","The clan has been upgraded to the level ","The clan has been upgraded to the level ","The clan has been upgraded to the level ","The clan has been upgraded to the level "
"STR_SMP_00533","Клан прошёл 100 км пешком","The clan walked 100 km","The clan walked 100 km","The clan walked 100 km","Клан прошёл 100 км пешком","The clan walked 100 km","The clan walked 100 km","The clan walked 100 km","The clan walked 100 km","The clan walked 100 km","The clan walked 100 km","The clan walked 100 km","The clan walked 100 km","The clan walked 100 km"
"STR_SMP_00534","Клан прошёл 250 км пешком","The clan walked 250 km","The clan walked 250 km","The clan walked 250 km","Клан прошёл 250 км пешком","The clan walked 250 km","The clan walked 250 km","The clan walked 250 km","The clan walked 250 km","The clan walked 250 km","The clan walked 250 km","The clan walked 250 km","The clan walked 250 km","The clan walked 250 km"
"STR_SMP_00535","Клан прошёл 50 км пешком","The clan walked 50 km","The clan walked 50 km","The clan walked 50 km","Клан прошёл 50 км пешком","The clan walked 50 km","The clan walked 50 km","The clan walked 50 km","The clan walked 50 km","The clan walked 50 km","The clan walked 50 km","The clan walked 50 km","The clan walked 50 km","The clan walked 50 km"
"STR_SMP_00536","Клан распущен","The clan is disbanded","The clan is disbanded","The clan is disbanded","Клан распущен","The clan is disbanded","The clan is disbanded","The clan is disbanded","The clan is disbanded","The clan is disbanded","The clan is disbanded","The clan is disbanded","The clan is disbanded","The clan is disbanded"
"STR_SMP_00537","Клан распущен - ваш лот ","The clan is dissolved - your lot ","The clan is dissolved - your lot ","The clan is dissolved - your lot ","Клан распущен - ваш лот ","The clan is dissolved - your lot ","The clan is dissolved - your lot ","The clan is dissolved - your lot ","The clan is dissolved - your lot ","The clan is dissolved - your lot ","The clan is dissolved - your lot ","The clan is dissolved - your lot ","The clan is dissolved - your lot ","The clan is dissolved - your lot "
"STR_SMP_00538","Клан распущен - ваш предмет со склада возвращён (под ноги)","The clan has been disbanded - your item has been returned from the storage (at your feet)","The clan has been disbanded - your item has been returned from the storage (at your feet)","The clan has been disbanded - your item has been returned from the storage (at your feet)","Клан распущен - ваш предмет со склада возвращён (под ноги)","The clan has been disbanded - your item has been returned from the storage (at your feet)","The clan has been disbanded - your item has been returned from the storage (at your feet)","The clan has been disbanded - your item has been returned from the storage (at your feet)","The clan has been disbanded - your item has been returned from the storage (at your feet)","The clan has been disbanded - your item has been returned from the storage (at your feet)","The clan has been disbanded - your item has been returned from the storage (at your feet)","The clan has been disbanded - your item has been returned from the storage (at your feet)","The clan has been disbanded - your item has been returned from the storage (at your feet)","The clan has been disbanded - your item has been returned from the storage (at your feet)"
"STR_SMP_00539","Клан распущен лидером","Clan dissolved by leader","Clan dissolved by leader","Clan dissolved by leader","Клан распущен лидером","Clan dissolved by leader","Clan dissolved by leader","Clan dissolved by leader","Clan dissolved by leader","Clan dissolved by leader","Clan dissolved by leader","Clan dissolved by leader","Clan dissolved by leader","Clan dissolved by leader"
"STR_SMP_00540","Клан с таким названием уже существует","A clan with this name already exists","A clan with this name already exists","A clan with this name already exists","Клан с таким названием уже существует","A clan with this name already exists","A clan with this name already exists","A clan with this name already exists","A clan with this name already exists","A clan with this name already exists","A clan with this name already exists","A clan with this name already exists","A clan with this name already exists","A clan with this name already exists"
"STR_SMP_00541","Клан сделал 100 попаданий в голову","The clan made 100 headshots","The clan made 100 headshots","The clan made 100 headshots","Клан сделал 100 попаданий в голову","The clan made 100 headshots","The clan made 100 headshots","The clan made 100 headshots","The clan made 100 headshots","The clan made 100 headshots","The clan made 100 headshots","The clan made 100 headshots","The clan made 100 headshots","The clan made 100 headshots"
"STR_SMP_00542","Клан сделал 1000 выстрелов","The clan fired 1000 shots","The clan fired 1000 shots","The clan fired 1000 shots","Клан сделал 1000 выстрелов","The clan fired 1000 shots","The clan fired 1000 shots","The clan fired 1000 shots","The clan fired 1000 shots","The clan fired 1000 shots","The clan fired 1000 shots","The clan fired 1000 shots","The clan fired 1000 shots","The clan fired 1000 shots"
"STR_SMP_00543","Клан сделал 10000 выстрелов","The clan fired 10,000 shots","The clan fired 10,000 shots","The clan fired 10,000 shots","Клан сделал 10000 выстрелов","The clan fired 10,000 shots","The clan fired 10,000 shots","The clan fired 10,000 shots","The clan fired 10,000 shots","The clan fired 10,000 shots","The clan fired 10,000 shots","The clan fired 10,000 shots","The clan fired 10,000 shots","The clan fired 10,000 shots"
"STR_SMP_00544","Клан сделал 500 попаданий в голову","The clan made 500 headshots","The clan made 500 headshots","The clan made 500 headshots","Клан сделал 500 попаданий в голову","The clan made 500 headshots","The clan made 500 headshots","The clan made 500 headshots","The clan made 500 headshots","The clan made 500 headshots","The clan made 500 headshots","The clan made 500 headshots","The clan made 500 headshots","The clan made 500 headshots"
"STR_SMP_00545","Клан сделал 5000 выстрелов","The clan fired 5000 shots","The clan fired 5000 shots","The clan fired 5000 shots","Клан сделал 5000 выстрелов","The clan fired 5000 shots","The clan fired 5000 shots","The clan fired 5000 shots","The clan fired 5000 shots","The clan fired 5000 shots","The clan fired 5000 shots","The clan fired 5000 shots","The clan fired 5000 shots","The clan fired 5000 shots"
"STR_SMP_00546","Клан сделал дальний килл от 300 метров","The clan made a long-range kill from 300 meters","The clan made a long-range kill from 300 meters","The clan made a long-range kill from 300 meters","Клан сделал дальний килл от 300 метров","The clan made a long-range kill from 300 meters","The clan made a long-range kill from 300 meters","The clan made a long-range kill from 300 meters","The clan made a long-range kill from 300 meters","The clan made a long-range kill from 300 meters","The clan made a long-range kill from 300 meters","The clan made a long-range kill from 300 meters","The clan made a long-range kill from 300 meters","The clan made a long-range kill from 300 meters"
"STR_SMP_00547","Клан сделал дальний килл от 500 метров","The clan made a long-range kill from 500 meters","The clan made a long-range kill from 500 meters","The clan made a long-range kill from 500 meters","Клан сделал дальний килл от 500 метров","The clan made a long-range kill from 500 meters","The clan made a long-range kill from 500 meters","The clan made a long-range kill from 500 meters","The clan made a long-range kill from 500 meters","The clan made a long-range kill from 500 meters","The clan made a long-range kill from 500 meters","The clan made a long-range kill from 500 meters","The clan made a long-range kill from 500 meters","The clan made a long-range kill from 500 meters"
"STR_SMP_00548","Клан сделал дальний килл от 800 метров","The clan made a long-range kill from 800 meters","The clan made a long-range kill from 800 meters","The clan made a long-range kill from 800 meters","Клан сделал дальний килл от 800 метров","The clan made a long-range kill from 800 meters","The clan made a long-range kill from 800 meters","The clan made a long-range kill from 800 meters","The clan made a long-range kill from 800 meters","The clan made a long-range kill from 800 meters","The clan made a long-range kill from 800 meters","The clan made a long-range kill from 800 meters","The clan made a long-range kill from 800 meters","The clan made a long-range kill from 800 meters"
"STR_SMP_00549","Клан создан. Лидер: ","The clan has been created. Leader: ","The clan has been created. Leader: ","The clan has been created. Leader: ","Клан создан. Лидер: ","The clan has been created. Leader: ","The clan has been created. Leader: ","The clan has been created. Leader: ","The clan has been created. Leader: ","The clan has been created. Leader: ","The clan has been created. Leader: ","The clan has been created. Leader: ","The clan has been created. Leader: ","The clan has been created. Leader: "
"STR_SMP_00550","Клан убил 10 игроков","Clan killed 10 players","Clan killed 10 players","Clan killed 10 players","Клан убил 10 игроков","Clan killed 10 players","Clan killed 10 players","Clan killed 10 players","Clan killed 10 players","Clan killed 10 players","Clan killed 10 players","Clan killed 10 players","Clan killed 10 players","Clan killed 10 players"
"STR_SMP_00551","Клан убил 100 заражённых","The clan killed 100 infected","The clan killed 100 infected","The clan killed 100 infected","Клан убил 100 заражённых","The clan killed 100 infected","The clan killed 100 infected","The clan killed 100 infected","The clan killed 100 infected","The clan killed 100 infected","The clan killed 100 infected","The clan killed 100 infected","The clan killed 100 infected","The clan killed 100 infected"
"STR_SMP_00552","Клан убил 100 игроков","Clan killed 100 players","Clan killed 100 players","Clan killed 100 players","Клан убил 100 игроков","Clan killed 100 players","Clan killed 100 players","Clan killed 100 players","Clan killed 100 players","Clan killed 100 players","Clan killed 100 players","Clan killed 100 players","Clan killed 100 players","Clan killed 100 players"
"STR_SMP_00553","Клан убил 1000 заражённых","The clan killed 1000 infected","The clan killed 1000 infected","The clan killed 1000 infected","Клан убил 1000 заражённых","The clan killed 1000 infected","The clan killed 1000 infected","The clan killed 1000 infected","The clan killed 1000 infected","The clan killed 1000 infected","The clan killed 1000 infected","The clan killed 1000 infected","The clan killed 1000 infected","The clan killed 1000 infected"
"STR_SMP_00554","Клан убил 25 игроков","The clan killed 25 players","The clan killed 25 players","The clan killed 25 players","Клан убил 25 игроков","The clan killed 25 players","The clan killed 25 players","The clan killed 25 players","The clan killed 25 players","The clan killed 25 players","The clan killed 25 players","The clan killed 25 players","The clan killed 25 players","The clan killed 25 players"
"STR_SMP_00555","Клан убил 250 игроков","The clan killed 250 players","The clan killed 250 players","The clan killed 250 players","Клан убил 250 игроков","The clan killed 250 players","The clan killed 250 players","The clan killed 250 players","The clan killed 250 players","The clan killed 250 players","The clan killed 250 players","The clan killed 250 players","The clan killed 250 players","The clan killed 250 players"
"STR_SMP_00556","Клан убил 2500 заражённых","The clan killed 2500 infected","The clan killed 2500 infected","The clan killed 2500 infected","Клан убил 2500 заражённых","The clan killed 2500 infected","The clan killed 2500 infected","The clan killed 2500 infected","The clan killed 2500 infected","The clan killed 2500 infected","The clan killed 2500 infected","The clan killed 2500 infected","The clan killed 2500 infected","The clan killed 2500 infected"
"STR_SMP_00557","Клан убил 50 игроков","Clan killed 50 players","Clan killed 50 players","Clan killed 50 players","Клан убил 50 игроков","Clan killed 50 players","Clan killed 50 players","Clan killed 50 players","Clan killed 50 players","Clan killed 50 players","Clan killed 50 players","Clan killed 50 players","Clan killed 50 players","Clan killed 50 players"
"STR_SMP_00558","Клан убил 500 заражённых","The clan killed 500 infected","The clan killed 500 infected","The clan killed 500 infected","Клан убил 500 заражённых","The clan killed 500 infected","The clan killed 500 infected","The clan killed 500 infected","The clan killed 500 infected","The clan killed 500 infected","The clan killed 500 infected","The clan killed 500 infected","The clan killed 500 infected","The clan killed 500 infected"
"STR_SMP_00559","Клан убил 5000 заражённых","The clan killed 5,000 infected","The clan killed 5,000 infected","The clan killed 5,000 infected","Клан убил 5000 заражённых","The clan killed 5,000 infected","The clan killed 5,000 infected","The clan killed 5,000 infected","The clan killed 5,000 infected","The clan killed 5,000 infected","The clan killed 5,000 infected","The clan killed 5,000 infected","The clan killed 5,000 infected","The clan killed 5,000 infected"
"STR_SMP_00560","Клан уже заполнен","The clan is already full","The clan is already full","The clan is already full","Клан уже заполнен","The clan is already full","The clan is already full","The clan is already full","The clan is already full","The clan is already full","The clan is already full","The clan is already full","The clan is already full","The clan is already full"
"STR_SMP_00561","Клан: ","Clan: ","Clan: ","Clan: ","Клан: ","Clan: ","Clan: ","Clan: ","Clan: ","Clan: ","Clan: ","Clan: ","Clan: ","Clan: "
"STR_SMP_00562","Клановая метка","Clan Mark","Clan Mark","Clan Mark","Клановая метка","Clan Mark","Clan Mark","Clan Mark","Clan Mark","Clan Mark","Clan Mark","Clan Mark","Clan Mark","Clan Mark"
"STR_SMP_00563","Клановые","Clan","Clan","Clan","Клановые","Clan","Clan","Clan","Clan","Clan","Clan","Clan","Clan","Clan"
"STR_SMP_00564","Клановые достижения","Clan achievements","Clan achievements","Clan achievements","Клановые достижения","Clan achievements","Clan achievements","Clan achievements","Clan achievements","Clan achievements","Clan achievements","Clan achievements","Clan achievements","Clan achievements"
"STR_SMP_00565","Кланы","Clans","Clans","Clans","Кланы","Clans","Clans","Clans","Clans","Clans","Clans","Clans","Clans","Clans"
"STR_SMP_00566","Кланы сервера","Server clans","Server clans","Server clans","Кланы сервера","Server clans","Server clans","Server clans","Server clans","Server clans","Server clans","Server clans","Server clans","Server clans"
"STR_SMP_00567","Класть на склад можно только у флагштока базы клана","You can put it in storage only at the flagpole of the clan base.","You can put it in storage only at the flagpole of the clan base.","You can put it in storage only at the flagpole of the clan base.","Класть на склад можно только у флагштока базы клана","You can put it in storage only at the flagpole of the clan base.","You can put it in storage only at the flagpole of the clan base.","You can put it in storage only at the flagpole of the clan base.","You can put it in storage only at the flagpole of the clan base.","You can put it in storage only at the flagpole of the clan base.","You can put it in storage only at the flagpole of the clan base.","You can put it in storage only at the flagpole of the clan base.","You can put it in storage only at the flagpole of the clan base.","You can put it in storage only at the flagpole of the clan base."
"STR_SMP_00568","км","km","km","km","км","km","km","km","km","km","km","km","km","km"
"STR_SMP_00569","Кол-во","Qty","Qty","Qty","Кол-во","Qty","Qty","Qty","Qty","Qty","Qty","Qty","Qty","Qty"
"STR_SMP_00570","Кол-во: ","Qty: ","Qty: ","Qty: ","Кол-во: ","Qty: ","Qty: ","Qty: ","Qty: ","Qty: ","Qty: ","Qty: ","Qty: ","Qty: "
"STR_SMP_00571","Командир","Commander","Commander","Commander","Командир","Commander","Commander","Commander","Commander","Commander","Commander","Commander","Commander","Commander"
"STR_SMP_00572","Комиссия выставления: ","Issue commission: ","Issue commission: ","Issue commission: ","Комиссия выставления: ","Issue commission: ","Issue commission: ","Issue commission: ","Issue commission: ","Issue commission: ","Issue commission: ","Issue commission: ","Issue commission: ","Issue commission: "
"STR_SMP_00573","Компактный HUD","Compact HUD","Compact HUD","Compact HUD","Компактный HUD","Compact HUD","Compact HUD","Compact HUD","Compact HUD","Compact HUD","Compact HUD","Compact HUD","Compact HUD","Compact HUD"
"STR_SMP_00574","контейнер в склад","container to storage","container to storage","container to storage","контейнер в склад","container to storage","container to storage","container to storage","container to storage","container to storage","container to storage","container to storage","container to storage","container to storage"
"STR_SMP_00575","Контракт","Contract","Contract","Contract","Контракт","Contract","Contract","Contract","Contract","Contract","Contract","Contract","Contract","Contract"
"STR_SMP_00576","Контракт на охоту выполнен","Hunting contract completed","Hunting contract completed","Hunting contract completed","Контракт на охоту выполнен","Hunting contract completed","Hunting contract completed","Hunting contract completed","Hunting contract completed","Hunting contract completed","Hunting contract completed","Hunting contract completed","Hunting contract completed","Hunting contract completed"
"STR_SMP_00577","Контракт на охоту создан. Комиссия: ","The hunting contract has been created. Commission: ","The hunting contract has been created. Commission: ","The hunting contract has been created. Commission: ","Контракт на охоту создан. Комиссия: ","The hunting contract has been created. Commission: ","The hunting contract has been created. Commission: ","The hunting contract has been created. Commission: ","The hunting contract has been created. Commission: ","The hunting contract has been created. Commission: ","The hunting contract has been created. Commission: ","The hunting contract has been created. Commission: ","The hunting contract has been created. Commission: ","The hunting contract has been created. Commission: "
"STR_SMP_00578","Контракт на поиск создан. Комиссия: ","The search contract has been created. Commission: ","The search contract has been created. Commission: ","The search contract has been created. Commission: ","Контракт на поиск создан. Комиссия: ","The search contract has been created. Commission: ","The search contract has been created. Commission: ","The search contract has been created. Commission: ","The search contract has been created. Commission: ","The search contract has been created. Commission: ","The search contract has been created. Commission: ","The search contract has been created. Commission: ","The search contract has been created. Commission: ","The search contract has been created. Commission: "
"STR_SMP_00579","Контракт отменён. Штраф: ","The contract has been cancelled. Penalty: ","The contract has been cancelled. Penalty: ","The contract has been cancelled. Penalty: ","Контракт отменён. Штраф: ","The contract has been cancelled. Penalty: ","The contract has been cancelled. Penalty: ","The contract has been cancelled. Penalty: ","The contract has been cancelled. Penalty: ","The contract has been cancelled. Penalty: ","The contract has been cancelled. Penalty: ","The contract has been cancelled. Penalty: ","The contract has been cancelled. Penalty: ","The contract has been cancelled. Penalty: "
"STR_SMP_00580","Контракт поиска выполнен. Награда: ","The search contract has been completed. Reward: ","The search contract has been completed. Reward: ","The search contract has been completed. Reward: ","Контракт поиска выполнен. Награда: ","The search contract has been completed. Reward: ","The search contract has been completed. Reward: ","The search contract has been completed. Reward: ","The search contract has been completed. Reward: ","The search contract has been completed. Reward: ","The search contract has been completed. Reward: ","The search contract has been completed. Reward: ","The search contract has been completed. Reward: ","The search contract has been completed. Reward: "
"STR_SMP_00581","Контракт принят","Contract accepted","Contract accepted","Contract accepted","Контракт принят","Contract accepted","Contract accepted","Contract accepted","Contract accepted","Contract accepted","Contract accepted","Contract accepted","Contract accepted","Contract accepted"
"STR_SMP_00582","Контракт: ","Contract: ","Contract: ","Contract: ","Контракт: ","Contract: ","Contract: ","Contract: ","Contract: ","Contract: ","Contract: ","Contract: ","Contract: ","Contract: "
"STR_SMP_00583","Контракты","Contracts","Contracts","Contracts","Контракты","Contracts","Contracts","Contracts","Contracts","Contracts","Contracts","Contracts","Contracts","Contracts"
"STR_SMP_00584","Конфиг","Config","Config","Config","Конфиг","Config","Config","Config","Config","Config","Config","Config","Config","Config"
"STR_SMP_00585","Координаты: X ","Coordinates: X ","Coordinates: X ","Coordinates: X ","Координаты: X ","Coordinates: X ","Coordinates: X ","Coordinates: X ","Coordinates: X ","Coordinates: X ","Coordinates: X ","Coordinates: X ","Coordinates: X ","Coordinates: X "
"STR_SMP_00586","Копите деньги, продавайте лоты и привязывайте флагшток как базу клана.","Save money, sell lots and tie a flagpole as a clan base.","Save money, sell lots and tie a flagpole as a clan base.","Save money, sell lots and tie a flagpole as a clan base.","Копите деньги, продавайте лоты и привязывайте флагшток как базу клана.","Save money, sell lots and tie a flagpole as a clan base.","Save money, sell lots and tie a flagpole as a clan base.","Save money, sell lots and tie a flagpole as a clan base.","Save money, sell lots and tie a flagpole as a clan base.","Save money, sell lots and tie a flagpole as a clan base.","Save money, sell lots and tie a flagpole as a clan base.","Save money, sell lots and tie a flagpole as a clan base.","Save money, sell lots and tie a flagpole as a clan base.","Save money, sell lots and tie a flagpole as a clan base."
"STR_SMP_00587","Крепкая смена","Strong shift","Strong shift","Strong shift","Крепкая смена","Strong shift","Strong shift","Strong shift","Strong shift","Strong shift","Strong shift","Strong shift","Strong shift","Strong shift"
"STR_SMP_00588","Крепкая экономика","Strong economy","Strong economy","Strong economy","Крепкая экономика","Strong economy","Strong economy","Strong economy","Strong economy","Strong economy","Strong economy","Strong economy","Strong economy","Strong economy"
"STR_SMP_00589","Кровотечение","Bleeding","Bleeding","Bleeding","Кровотечение","Bleeding","Bleeding","Bleeding","Bleeding","Bleeding","Bleeding","Bleeding","Bleeding","Bleeding"
"STR_SMP_00590","Кто положил","Who put","Who put","Who put","Кто положил","Who put","Who put","Who put","Who put","Who put","Who put","Who put","Who put","Who put"
"STR_SMP_00591","Кто пригласил","Who invited","Who invited","Who invited","Кто пригласил","Who invited","Who invited","Who invited","Who invited","Who invited","Who invited","Who invited","Who invited","Who invited"
"STR_SMP_00592","Купите 1 предмет на рынке","Buy 1 item from the market","Buy 1 item from the market","Buy 1 item from the market","Купите 1 предмет на рынке","Buy 1 item from the market","Buy 1 item from the market","Buy 1 item from the market","Buy 1 item from the market","Buy 1 item from the market","Buy 1 item from the market","Buy 1 item from the market","Buy 1 item from the market","Buy 1 item from the market"
"STR_SMP_00593","Купите 10 предметов на рынке","Buy 10 items from the market","Buy 10 items from the market","Buy 10 items from the market","Купите 10 предметов на рынке","Buy 10 items from the market","Buy 10 items from the market","Buy 10 items from the market","Buy 10 items from the market","Buy 10 items from the market","Buy 10 items from the market","Buy 10 items from the market","Buy 10 items from the market","Buy 10 items from the market"
"STR_SMP_00594","Купить","Buy","Buy","Buy","Купить","Buy","Buy","Buy","Buy","Buy","Buy","Buy","Buy","Buy"
"STR_SMP_00595","Куплено: ","Purchased: ","Purchased: ","Purchased: ","Куплено: ","Purchased: ","Purchased: ","Purchased: ","Purchased: ","Purchased: ","Purchased: ","Purchased: ","Purchased: ","Purchased: "
"STR_SMP_00596","Курс валюты","Exchange rate","Exchange rate","Exchange rate","Курс валюты","Exchange rate","Exchange rate","Exchange rate","Exchange rate","Exchange rate","Exchange rate","Exchange rate","Exchange rate","Exchange rate"
"STR_SMP_00597","Легенда","Legend","Legend","Legend","Легенда","Legend","Legend","Legend","Legend","Legend","Legend","Legend","Legend","Legend"
"STR_SMP_00598","Легенда перестрелок","Gunfight legend","Gunfight legend","Gunfight legend","Легенда перестрелок","Gunfight legend","Gunfight legend","Gunfight legend","Gunfight legend","Gunfight legend","Gunfight legend","Gunfight legend","Gunfight legend","Gunfight legend"
"STR_SMP_00599","Лидер","Leader","Leader","Leader","Лидер","Leader","Leader","Leader","Leader","Leader","Leader","Leader","Leader","Leader"
"STR_SMP_00600","Лидерство передано: ","Leadership transferred to: ","Leadership transferred to: ","Leadership transferred to: ","Лидерство передано: ","Leadership transferred to: ","Leadership transferred to: ","Leadership transferred to: ","Leadership transferred to: ","Leadership transferred to: ","Leadership transferred to: ","Leadership transferred to: ","Leadership transferred to: ","Leadership transferred to: "
"STR_SMP_00601","Лимит","Limit","Limit","Limit","Лимит","Limit","Limit","Limit","Limit","Limit","Limit","Limit","Limit","Limit"
"STR_SMP_00602","Лимит активных лотов: ","Limit of active lots: ","Limit of active lots: ","Limit of active lots: ","Лимит активных лотов: ","Limit of active lots: ","Limit of active lots: ","Limit of active lots: ","Limit of active lots: ","Limit of active lots: ","Limit of active lots: ","Limit of active lots: ","Limit of active lots: ","Limit of active lots: "
"STR_SMP_00603","Лимит исчерпан","The limit has been reached","The limit has been reached","The limit has been reached","Лимит исчерпан","The limit has been reached","The limit has been reached","The limit has been reached","The limit has been reached","The limit has been reached","The limit has been reached","The limit has been reached","The limit has been reached","The limit has been reached"
"STR_SMP_00604","Лимит лотов клана: ","Clan lot limit: ","Clan lot limit: ","Clan lot limit: ","Лимит лотов клана: ","Clan lot limit: ","Clan lot limit: ","Clan lot limit: ","Clan lot limit: ","Clan lot limit: ","Clan lot limit: ","Clan lot limit: ","Clan lot limit: ","Clan lot limit: "
"STR_SMP_00605","Лимит маркеров клана: ","Clan marker limit: ","Clan marker limit: ","Clan marker limit: ","Лимит маркеров клана: ","Clan marker limit: ","Clan marker limit: ","Clan marker limit: ","Clan marker limit: ","Clan marker limit: ","Clan marker limit: ","Clan marker limit: ","Clan marker limit: ","Clan marker limit: "
"STR_SMP_00606","Лимит принятых контрактов: ","Limit of accepted contracts: ","Limit of accepted contracts: ","Limit of accepted contracts: ","Лимит принятых контрактов: ","Limit of accepted contracts: ","Limit of accepted contracts: ","Limit of accepted contracts: ","Limit of accepted contracts: ","Limit of accepted contracts: ","Limit of accepted contracts: ","Limit of accepted contracts: ","Limit of accepted contracts: ","Limit of accepted contracts: "
"STR_SMP_00607","Лимит созданных активных контрактов: ","Limit of created active contracts: ","Limit of created active contracts: ","Limit of created active contracts: ","Лимит созданных активных контрактов: ","Limit of created active contracts: ","Limit of created active contracts: ","Limit of created active contracts: ","Limit of created active contracts: ","Limit of created active contracts: ","Limit of created active contracts: ","Limit of created active contracts: ","Limit of created active contracts: ","Limit of created active contracts: "
"STR_SMP_00608","Лимит: ","Limit: ","Limit: ","Limit: ","Лимит: ","Limit: ","Limit: ","Limit: ","Limit: ","Limit: ","Limit: ","Limit: ","Limit: ","Limit: "
"STR_SMP_00609","Личная","Personal","Personal","Personal","Личная","Personal","Personal","Personal","Personal","Personal","Personal","Personal","Personal","Personal"
"STR_SMP_00610","Личная метка","Personal tag","Personal tag","Personal tag","Личная метка","Personal tag","Personal tag","Personal tag","Personal tag","Personal tag","Personal tag","Personal tag","Personal tag","Personal tag"
"STR_SMP_00611","Личные","Personal","Personal","Personal","Личные","Personal","Personal","Personal","Personal","Personal","Personal","Personal","Personal","Personal"
"STR_SMP_00612","Личные достижения","Personal achievements","Personal achievements","Personal achievements","Личные достижения","Personal achievements","Personal achievements","Personal achievements","Personal achievements","Personal achievements","Personal achievements","Personal achievements","Personal achievements","Personal achievements"
"STR_SMP_00613","Личные достижения работают без клана. Клановые награды можно получить один раз на клан.","Personal achievements work without a clan. Clan rewards can be received once per clan.","Personal achievements work without a clan. Clan rewards can be received once per clan.","Personal achievements work without a clan. Clan rewards can be received once per clan.","Личные достижения работают без клана. Клановые награды можно получить один раз на клан.","Personal achievements work without a clan. Clan rewards can be received once per clan.","Personal achievements work without a clan. Clan rewards can be received once per clan.","Personal achievements work without a clan. Clan rewards can be received once per clan.","Personal achievements work without a clan. Clan rewards can be received once per clan.","Personal achievements work without a clan. Clan rewards can be received once per clan.","Personal achievements work without a clan. Clan rewards can be received once per clan.","Personal achievements work without a clan. Clan rewards can be received once per clan.","Personal achievements work without a clan. Clan rewards can be received once per clan.","Personal achievements work without a clan. Clan rewards can be received once per clan."
"STR_SMP_00614","ЛОГОТИП КЛАНА","CLAN LOGO","CLAN LOGO","CLAN LOGO","ЛОГОТИП КЛАНА","CLAN LOGO","CLAN LOGO","CLAN LOGO","CLAN LOGO","CLAN LOGO","CLAN LOGO","CLAN LOGO","CLAN LOGO","CLAN LOGO"
"STR_SMP_00615","Лот выставлен: ","The lot is on display: ","The lot is on display: ","The lot is on display: ","Лот выставлен: ","The lot is on display: ","The lot is on display: ","The lot is on display: ","The lot is on display: ","The lot is on display: ","The lot is on display: ","The lot is on display: ","The lot is on display: ","The lot is on display: "
"STR_SMP_00616","Лот завершён без ставок, предмет возвращён","Lot completed without bids, item returned","Lot completed without bids, item returned","Lot completed without bids, item returned","Лот завершён без ставок, предмет возвращён","Lot completed without bids, item returned","Lot completed without bids, item returned","Lot completed without bids, item returned","Lot completed without bids, item returned","Lot completed without bids, item returned","Lot completed without bids, item returned","Lot completed without bids, item returned","Lot completed without bids, item returned","Lot completed without bids, item returned"
"STR_SMP_00617","Лот не найден","Lot not found","Lot not found","Lot not found","Лот не найден","Lot not found","Lot not found","Lot not found","Lot not found","Lot not found","Lot not found","Lot not found","Lot not found","Lot not found"
"STR_SMP_00618","Лот снят","Lot removed","Lot removed","Lot removed","Лот снят","Lot removed","Lot removed","Lot removed","Lot removed","Lot removed","Lot removed","Lot removed","Lot removed","Lot removed"
"STR_SMP_00619","Лот снят: ","Lot removed: ","Lot removed: ","Lot removed: ","Лот снят: ","Lot removed: ","Lot removed: ","Lot removed: ","Lot removed: ","Lot removed: ","Lot removed: ","Lot removed: ","Lot removed: ","Lot removed: "
"STR_SMP_00620","Лот со ставкой нельзя снять","A lot with a bid cannot be withdrawn","A lot with a bid cannot be withdrawn","A lot with a bid cannot be withdrawn","Лот со ставкой нельзя снять","A lot with a bid cannot be withdrawn","A lot with a bid cannot be withdrawn","A lot with a bid cannot be withdrawn","A lot with a bid cannot be withdrawn","A lot with a bid cannot be withdrawn","A lot with a bid cannot be withdrawn","A lot with a bid cannot be withdrawn","A lot with a bid cannot be withdrawn","A lot with a bid cannot be withdrawn"
"STR_SMP_00621","Лот уже продан или снят","The lot has already been sold or withdrawn","The lot has already been sold or withdrawn","The lot has already been sold or withdrawn","Лот уже продан или снят","The lot has already been sold or withdrawn","The lot has already been sold or withdrawn","The lot has already been sold or withdrawn","The lot has already been sold or withdrawn","The lot has already been sold or withdrawn","The lot has already been sold or withdrawn","The lot has already been sold or withdrawn","The lot has already been sold or withdrawn","The lot has already been sold or withdrawn"
"STR_SMP_00622","Лучший участник клана прожил 12 часов","The best clan member lived for 12 hours","The best clan member lived for 12 hours","The best clan member lived for 12 hours","Лучший участник клана прожил 12 часов","The best clan member lived for 12 hours","The best clan member lived for 12 hours","The best clan member lived for 12 hours","The best clan member lived for 12 hours","The best clan member lived for 12 hours","The best clan member lived for 12 hours","The best clan member lived for 12 hours","The best clan member lived for 12 hours","The best clan member lived for 12 hours"
"STR_SMP_00623","Лучший участник клана прожил 24 часа","The best clan member survived for 24 hours","The best clan member survived for 24 hours","The best clan member survived for 24 hours","Лучший участник клана прожил 24 часа","The best clan member survived for 24 hours","The best clan member survived for 24 hours","The best clan member survived for 24 hours","The best clan member survived for 24 hours","The best clan member survived for 24 hours","The best clan member survived for 24 hours","The best clan member survived for 24 hours","The best clan member survived for 24 hours","The best clan member survived for 24 hours"
"STR_SMP_00624","Лучший участник клана прожил 6 часов","The best clan member lived for 6 hours","The best clan member lived for 6 hours","The best clan member lived for 6 hours","Лучший участник клана прожил 6 часов","The best clan member lived for 6 hours","The best clan member lived for 6 hours","The best clan member lived for 6 hours","The best clan member lived for 6 hours","The best clan member lived for 6 hours","The best clan member lived for 6 hours","The best clan member lived for 6 hours","The best clan member lived for 6 hours","The best clan member lived for 6 hours"
"STR_SMP_00625","м","m","m","m","м","m","m","m","m","m","m","m","m","m"
"STR_SMP_00626","Максимальная цена: ","Maximum price: ","Maximum price: ","Maximum price: ","Максимальная цена: ","Maximum price: ","Maximum price: ","Maximum price: ","Maximum price: ","Maximum price: ","Maximum price: ","Maximum price: ","Maximum price: ","Maximum price: "
"STR_SMP_00627","Максимальное звание","Maximum rank","Maximum rank","Maximum rank","Максимальное звание","Maximum rank","Maximum rank","Maximum rank","Maximum rank","Maximum rank","Maximum rank","Maximum rank","Maximum rank","Maximum rank"
"STR_SMP_00628","Малый отряд","Small detachment","Small detachment","Small detachment","Малый отряд","Small detachment","Small detachment","Small detachment","Small detachment","Small detachment","Small detachment","Small detachment","Small detachment","Small detachment"
"STR_SMP_00629","Марафонец","Marathon runner","Marathon runner","Marathon runner","Марафонец","Marathon runner","Marathon runner","Marathon runner","Marathon runner","Marathon runner","Marathon runner","Marathon runner","Marathon runner","Marathon runner"
"STR_SMP_00630","Маркер не найден","Marker not found","Marker not found","Marker not found","Маркер не найден","Marker not found","Marker not found","Marker not found","Marker not found","Marker not found","Marker not found","Marker not found","Marker not found","Marker not found"
"STR_SMP_00631","Маркеры игроков","Player markers","Player markers","Player markers","Маркеры игроков","Player markers","Player markers","Player markers","Player markers","Player markers","Player markers","Player markers","Player markers","Player markers"
"STR_SMP_00632","Маркеры на карте","Markers on the map","Markers on the map","Markers on the map","Маркеры на карте","Markers on the map","Markers on the map","Markers on the map","Markers on the map","Markers on the map","Markers on the map","Markers on the map","Markers on the map","Markers on the map"
"STR_SMP_00633","Марш-бросок","Forced march","Forced march","Forced march","Марш-бросок","Forced march","Forced march","Forced march","Forced march","Forced march","Forced march","Forced march","Forced march","Forced march"
"STR_SMP_00634","Мастер","Master","Master","Master","Мастер","Master","Master","Master","Master","Master","Master","Master","Master","Master"
"STR_SMP_00635","Менять описание клана","Change clan description","Change clan description","Change clan description","Менять описание клана","Change clan description","Change clan description","Change clan description","Change clan description","Change clan description","Change clan description","Change clan description","Change clan description","Change clan description"
"STR_SMP_00636","Менять описание клана может только тот, кому выдан доступ в правах клана.","Only those who have been granted access with clan rights can change the clan description.","Only those who have been granted access with clan rights can change the clan description.","Only those who have been granted access with clan rights can change the clan description.","Менять описание клана может только тот, кому выдан доступ в правах клана.","Only those who have been granted access with clan rights can change the clan description.","Only those who have been granted access with clan rights can change the clan description.","Only those who have been granted access with clan rights can change the clan description.","Only those who have been granted access with clan rights can change the clan description.","Only those who have been granted access with clan rights can change the clan description.","Only those who have been granted access with clan rights can change the clan description.","Only those who have been granted access with clan rights can change the clan description.","Only those who have been granted access with clan rights can change the clan description.","Only those who have been granted access with clan rights can change the clan description."
"STR_SMP_00637","Менять цвет клана","Change clan color","Change clan color","Change clan color","Менять цвет клана","Change clan color","Change clan color","Change clan color","Change clan color","Change clan color","Change clan color","Change clan color","Change clan color","Change clan color"
"STR_SMP_00638","Мёртвый район","Dead area","Dead area","Dead area","Мёртвый район","Dead area","Dead area","Dead area","Dead area","Dead area","Dead area","Dead area","Dead area","Dead area"
"STR_SMP_00639","Метка","Marker","Marker","Marker","Метка","Marker","Marker","Marker","Marker","Marker","Marker","Marker","Marker","Marker"
"STR_SMP_00640","Метка для клана","Clan marker","Clan marker","Clan marker","Метка для клана","Clan marker","Clan marker","Clan marker","Clan marker","Clan marker","Clan marker","Clan marker","Clan marker","Clan marker"
"STR_SMP_00641","Метка: ","Label: ","Label: ","Label: ","Метка: ","Label: ","Label: ","Label: ","Label: ","Label: ","Label: ","Label: ","Label: ","Label: "
"STR_SMP_00642","Метки на карте","Markers on the map","Markers on the map","Markers on the map","Метки на карте","Markers on the map","Markers on the map","Markers on the map","Markers on the map","Markers on the map","Markers on the map","Markers on the map","Markers on the map","Markers on the map"
"STR_SMP_00643","Минимальная ставка: ","Minimum bet: ","Minimum bet: ","Minimum bet: ","Минимальная ставка: ","Minimum bet: ","Minimum bet: ","Minimum bet: ","Minimum bet: ","Minimum bet: ","Minimum bet: ","Minimum bet: ","Minimum bet: ","Minimum bet: "
"STR_SMP_00644","Минимальная цена: ","Minimum price: ","Minimum price: ","Minimum price: ","Минимальная цена: ","Minimum price: ","Minimum price: ","Minimum price: ","Minimum price: ","Minimum price: ","Minimum price: ","Minimum price: ","Minimum price: ","Minimum price: "
"STR_SMP_00645","Минимальный ранг","Minimum rank","Minimum rank","Minimum rank","Минимальный ранг","Minimum rank","Minimum rank","Minimum rank","Minimum rank","Minimum rank","Minimum rank","Minimum rank","Minimum rank","Minimum rank"
"STR_SMP_00646","Минут:","Minutes:","Minutes:","Minutes:","Минут:","Minutes:","Minutes:","Minutes:","Minutes:","Minutes:","Minutes:","Minutes:","Minutes:","Minutes:"
"STR_SMP_00647","Минуты","minutes","minutes","minutes","Минуты","minutes","minutes","minutes","minutes","minutes","minutes","minutes","minutes","minutes"
"STR_SMP_00648","Минуты:","Minutes:","Minutes:","Minutes:","Минуты:","Minutes:","Minutes:","Minutes:","Minutes:","Minutes:","Minutes:","Minutes:","Minutes:","Minutes:"
"STR_SMP_00649","Мой клан","My clan","My clan","My clan","Мой клан","My clan","My clan","My clan","My clan","My clan","My clan","My clan","My clan","My clan"
"STR_SMP_00650","Мут выдан: ","Mute issued: ","Mute issued: ","Mute issued: ","Мут выдан: ","Mute issued: ","Mute issued: ","Mute issued: ","Mute issued: ","Mute issued: ","Mute issued: ","Mute issued: ","Mute issued: ","Mute issued: "
"STR_SMP_00651","Мут снят: ","Mute removed: ","Mute removed: ","Mute removed: ","Мут снят: ","Mute removed: ","Mute removed: ","Mute removed: ","Mute removed: ","Mute removed: ","Mute removed: ","Mute removed: ","Mute removed: ","Mute removed: "
"STR_SMP_00652","Мут чата","Chat mute","Chat mute","Chat mute","Мут чата","Chat mute","Chat mute","Chat mute","Chat mute","Chat mute","Chat mute","Chat mute","Chat mute","Chat mute"
"STR_SMP_00653","Мут чата снят","Chat mute removed","Chat mute removed","Chat mute removed","Мут чата снят","Chat mute removed","Chat mute removed","Chat mute removed","Chat mute removed","Chat mute removed","Chat mute removed","Chat mute removed","Chat mute removed","Chat mute removed"
"STR_SMP_00654","Муты чата","Chat mutes","Chat mutes","Chat mutes","Муты чата","Chat mutes","Chat mutes","Chat mutes","Chat mutes","Chat mutes","Chat mutes","Chat mutes","Chat mutes","Chat mutes"
"STR_SMP_00655","Мясорубка","Meat grinder","Meat grinder","Meat grinder","Мясорубка","Meat grinder","Meat grinder","Meat grinder","Meat grinder","Meat grinder","Meat grinder","Meat grinder","Meat grinder","Meat grinder"
"STR_SMP_00656","Награда","Reward","Reward","Reward","Награда","Reward","Reward","Reward","Reward","Reward","Reward","Reward","Reward","Reward"
"STR_SMP_00657","Награда ","Reward ","Reward ","Reward ","Награда ","Reward ","Reward ","Reward ","Reward ","Reward ","Reward ","Reward ","Reward ","Reward "
"STR_SMP_00658","Награда за контракт","Contract reward","Contract reward","Contract reward","Награда за контракт","Contract reward","Contract reward","Contract reward","Contract reward","Contract reward","Contract reward","Contract reward","Contract reward","Contract reward"
"STR_SMP_00659","Награда получена: ","Reward received: ","Reward received: ","Reward received: ","Награда получена: ","Reward received: ","Reward received: ","Reward received: ","Reward received: ","Reward received: ","Reward received: ","Reward received: ","Reward received: ","Reward received: "
"STR_SMP_00660","Награда уже получена","The reward has already been received","The reward has already been received","The reward has already been received","Награда уже получена","The reward has already been received","The reward has already been received","The reward has already been received","The reward has already been received","The reward has already been received","The reward has already been received","The reward has already been received","The reward has already been received","The reward has already been received"
"STR_SMP_00661","Надёжный вкладчик","Reliable depositor","Reliable depositor","Reliable depositor","Надёжный вкладчик","Reliable depositor","Reliable depositor","Reliable depositor","Reliable depositor","Reliable depositor","Reliable depositor","Reliable depositor","Reliable depositor","Reliable depositor"
"STR_SMP_00662","Назад","Back","Back","Back","Назад","Back","Back","Back","Back","Back","Back","Back","Back","Back"
"STR_SMP_00663","Название","Title","Title","Title","Название","Title","Title","Title","Title","Title","Title","Title","Title","Title"
"STR_SMP_00664","Название и тег задаются один раз. Описание можно изменить позже.","The title and tag are specified once. The description can be changed later.","The title and tag are specified once. The description can be changed later.","The title and tag are specified once. The description can be changed later.","Название и тег задаются один раз. Описание можно изменить позже.","The title and tag are specified once. The description can be changed later.","The title and tag are specified once. The description can be changed later.","The title and tag are specified once. The description can be changed later.","The title and tag are specified once. The description can be changed later.","The title and tag are specified once. The description can be changed later.","The title and tag are specified once. The description can be changed later.","The title and tag are specified once. The description can be changed later.","The title and tag are specified once. The description can be changed later.","The title and tag are specified once. The description can be changed later."
"STR_SMP_00665","Название клана:","Clan name:","Clan name:","Clan name:","Название клана:","Clan name:","Clan name:","Clan name:","Clan name:","Clan name:","Clan name:","Clan name:","Clan name:","Clan name:"
"STR_SMP_00666","Название максимум ","Name maximum ","Name maximum ","Name maximum ","Название максимум ","Name maximum ","Name maximum ","Name maximum ","Name maximum ","Name maximum ","Name maximum ","Name maximum ","Name maximum ","Name maximum "
"STR_SMP_00667","Название маркера:","Marker name:","Marker name:","Marker name:","Название маркера:","Marker name:","Marker name:","Marker name:","Marker name:","Marker name:","Marker name:","Marker name:","Marker name:","Marker name:"
"STR_SMP_00668","Название:","Title:","Title:","Title:","Название:","Title:","Title:","Title:","Title:","Title:","Title:","Title:","Title:","Title:"
"STR_SMP_00669","Название: от ","Title: from ","Title: from ","Title: from ","Название: от ","Title: from ","Title: from ","Title: from ","Title: from ","Title: from ","Title: from ","Title: from ","Title: from ","Title: from "
"STR_SMP_00670","Найдено несколько игроков в кланах, укажите точнее или SteamID64","Several players were found in clans, please be more precise or SteamID64","Several players were found in clans, please be more precise or SteamID64","Several players were found in clans, please be more precise or SteamID64","Найдено несколько игроков в кланах, укажите точнее или SteamID64","Several players were found in clans, please be more precise or SteamID64","Several players were found in clans, please be more precise or SteamID64","Several players were found in clans, please be more precise or SteamID64","Several players were found in clans, please be more precise or SteamID64","Several players were found in clans, please be more precise or SteamID64","Several players were found in clans, please be more precise or SteamID64","Several players were found in clans, please be more precise or SteamID64","Several players were found in clans, please be more precise or SteamID64","Several players were found in clans, please be more precise or SteamID64"
"STR_SMP_00671","Найдено несколько онлайн игроков, укажите точнее или SteamID64","Several online players were found, please be more precise or SteamID64","Several online players were found, please be more precise or SteamID64","Several online players were found, please be more precise or SteamID64","Найдено несколько онлайн игроков, укажите точнее или SteamID64","Several online players were found, please be more precise or SteamID64","Several online players were found, please be more precise or SteamID64","Several online players were found, please be more precise or SteamID64","Several online players were found, please be more precise or SteamID64","Several online players were found, please be more precise or SteamID64","Several online players were found, please be more precise or SteamID64","Several online players were found, please be more precise or SteamID64","Several online players were found, please be more precise or SteamID64","Several online players were found, please be more precise or SteamID64"
"STR_SMP_00672","Направление в HUD","Direction to HUD","Direction to HUD","Direction to HUD","Направление в HUD","Direction to HUD","Direction to HUD","Direction to HUD","Direction to HUD","Direction to HUD","Direction to HUD","Direction to HUD","Direction to HUD","Direction to HUD"
"STR_SMP_00673","Настраивать права может только лидер","Only the leader can set permissions","Only the leader can set permissions","Only the leader can set permissions","Настраивать права может только лидер","Only the leader can set permissions","Only the leader can set permissions","Only the leader can set permissions","Only the leader can set permissions","Only the leader can set permissions","Only the leader can set permissions","Only the leader can set permissions","Only the leader can set permissions","Only the leader can set permissions"
"STR_SMP_00674","Настройки","Settings","Settings","Settings","Настройки","Settings","Settings","Settings","Settings","Settings","Settings","Settings","Settings","Settings"
"STR_SMP_00675","Не удалось внести ","Failed to deposit ","Failed to deposit ","Failed to deposit ","Не удалось внести ","Failed to deposit ","Failed to deposit ","Failed to deposit ","Failed to deposit ","Failed to deposit ","Failed to deposit ","Failed to deposit ","Failed to deposit ","Failed to deposit "
"STR_SMP_00676","Не удалось выдать валюту (проверьте CurrencyItems)","Failed to issue currency (check CurrencyItems)","Failed to issue currency (check CurrencyItems)","Failed to issue currency (check CurrencyItems)","Не удалось выдать валюту (проверьте CurrencyItems)","Failed to issue currency (check CurrencyItems)","Failed to issue currency (check CurrencyItems)","Failed to issue currency (check CurrencyItems)","Failed to issue currency (check CurrencyItems)","Failed to issue currency (check CurrencyItems)","Failed to issue currency (check CurrencyItems)","Failed to issue currency (check CurrencyItems)","Failed to issue currency (check CurrencyItems)","Failed to issue currency (check CurrencyItems)"
"STR_SMP_00677","Не удалось списать оплату","Failed to write off payment","Failed to write off payment","Failed to write off payment","Не удалось списать оплату","Failed to write off payment","Failed to write off payment","Failed to write off payment","Failed to write off payment","Failed to write off payment","Failed to write off payment","Failed to write off payment","Failed to write off payment","Failed to write off payment"
"STR_SMP_00678","не указан","not specified","not specified","not specified","не указан","not specified","not specified","not specified","not specified","not specified","not specified","not specified","not specified","not specified"
"STR_SMP_00679","Не хватает денег в казне: нужно ","There is not enough money in the treasury: it is necessary ","There is not enough money in the treasury: it is necessary ","There is not enough money in the treasury: it is necessary ","Не хватает денег в казне: нужно ","There is not enough money in the treasury: it is necessary ","There is not enough money in the treasury: it is necessary ","There is not enough money in the treasury: it is necessary ","There is not enough money in the treasury: it is necessary ","There is not enough money in the treasury: it is necessary ","There is not enough money in the treasury: it is necessary ","There is not enough money in the treasury: it is necessary ","There is not enough money in the treasury: it is necessary ","There is not enough money in the treasury: it is necessary "
"STR_SMP_00680","Не хватает денег на комиссию выставления: ","There is not enough money for the issuing commission: ","There is not enough money for the issuing commission: ","There is not enough money for the issuing commission: ","Не хватает денег на комиссию выставления: ","There is not enough money for the issuing commission: ","There is not enough money for the issuing commission: ","There is not enough money for the issuing commission: ","There is not enough money for the issuing commission: ","There is not enough money for the issuing commission: ","There is not enough money for the issuing commission: ","There is not enough money for the issuing commission: ","There is not enough money for the issuing commission: ","There is not enough money for the issuing commission: "
"STR_SMP_00681","Не хватает денег: нужно ","Not enough money: need ","Not enough money: need ","Not enough money: need ","Не хватает денег: нужно ","Not enough money: need ","Not enough money: need ","Not enough money: need ","Not enough money: need ","Not enough money: need ","Not enough money: need ","Not enough money: need ","Not enough money: need ","Not enough money: need "
"STR_SMP_00682","Недостаточно прав для маркеров клана","Insufficient rights for clan markers","Insufficient rights for clan markers","Insufficient rights for clan markers","Недостаточно прав для маркеров клана","Insufficient rights for clan markers","Insufficient rights for clan markers","Insufficient rights for clan markers","Insufficient rights for clan markers","Insufficient rights for clan markers","Insufficient rights for clan markers","Insufficient rights for clan markers","Insufficient rights for clan markers","Insufficient rights for clan markers"
"STR_SMP_00683","Недостаточно прав для настройки webhook","Insufficient rights to configure webhook","Insufficient rights to configure webhook","Insufficient rights to configure webhook","Недостаточно прав для настройки webhook","Insufficient rights to configure webhook","Insufficient rights to configure webhook","Insufficient rights to configure webhook","Insufficient rights to configure webhook","Insufficient rights to configure webhook","Insufficient rights to configure webhook","Insufficient rights to configure webhook","Insufficient rights to configure webhook","Insufficient rights to configure webhook"
"STR_SMP_00684","Недостаточно прав для приглашения","Insufficient rights to invite","Insufficient rights to invite","Insufficient rights to invite","Недостаточно прав для приглашения","Insufficient rights to invite","Insufficient rights to invite","Insufficient rights to invite","Insufficient rights to invite","Insufficient rights to invite","Insufficient rights to invite","Insufficient rights to invite","Insufficient rights to invite","Insufficient rights to invite"
"STR_SMP_00685","Недостаточно прав для решения по заявкам","Insufficient rights to resolve applications","Insufficient rights to resolve applications","Insufficient rights to resolve applications","Недостаточно прав для решения по заявкам","Insufficient rights to resolve applications","Insufficient rights to resolve applications","Insufficient rights to resolve applications","Insufficient rights to resolve applications","Insufficient rights to resolve applications","Insufficient rights to resolve applications","Insufficient rights to resolve applications","Insufficient rights to resolve applications","Insufficient rights to resolve applications"
"STR_SMP_00686","Недостаточно прав, чтобы брать со склада","Insufficient rights to take from storage","Insufficient rights to take from storage","Insufficient rights to take from storage","Недостаточно прав, чтобы брать со склада","Insufficient rights to take from storage","Insufficient rights to take from storage","Insufficient rights to take from storage","Insufficient rights to take from storage","Insufficient rights to take from storage","Insufficient rights to take from storage","Insufficient rights to take from storage","Insufficient rights to take from storage","Insufficient rights to take from storage"
"STR_SMP_00687","Недостаточно прав, чтобы кикнуть этого игрока","Insufficient rights to kick this player","Insufficient rights to kick this player","Insufficient rights to kick this player","Недостаточно прав, чтобы кикнуть этого игрока","Insufficient rights to kick this player","Insufficient rights to kick this player","Insufficient rights to kick this player","Insufficient rights to kick this player","Insufficient rights to kick this player","Insufficient rights to kick this player","Insufficient rights to kick this player","Insufficient rights to kick this player","Insufficient rights to kick this player"
"STR_SMP_00688","Недостаточно прав, чтобы менять описание","You don't have enough rights to change the description","You don't have enough rights to change the description","You don't have enough rights to change the description","Недостаточно прав, чтобы менять описание","You don't have enough rights to change the description","You don't have enough rights to change the description","You don't have enough rights to change the description","You don't have enough rights to change the description","You don't have enough rights to change the description","You don't have enough rights to change the description","You don't have enough rights to change the description","You don't have enough rights to change the description","You don't have enough rights to change the description"
"STR_SMP_00689","Недостаточно прав, чтобы менять цвет клана","Not enough rights to change clan color","Not enough rights to change clan color","Not enough rights to change clan color","Недостаточно прав, чтобы менять цвет клана","Not enough rights to change clan color","Not enough rights to change clan color","Not enough rights to change clan color","Not enough rights to change clan color","Not enough rights to change clan color","Not enough rights to change clan color","Not enough rights to change clan color","Not enough rights to change clan color","Not enough rights to change clan color"
"STR_SMP_00690","Недостаточно прав, чтобы отвязывать базу клана","Insufficient rights to unlink a clan base","Insufficient rights to unlink a clan base","Insufficient rights to unlink a clan base","Недостаточно прав, чтобы отвязывать базу клана","Insufficient rights to unlink a clan base","Insufficient rights to unlink a clan base","Insufficient rights to unlink a clan base","Insufficient rights to unlink a clan base","Insufficient rights to unlink a clan base","Insufficient rights to unlink a clan base","Insufficient rights to unlink a clan base","Insufficient rights to unlink a clan base","Insufficient rights to unlink a clan base"
"STR_SMP_00691","Недостаточно прав, чтобы привязывать базу клана","Insufficient rights to link a clan base","Insufficient rights to link a clan base","Insufficient rights to link a clan base","Недостаточно прав, чтобы привязывать базу клана","Insufficient rights to link a clan base","Insufficient rights to link a clan base","Insufficient rights to link a clan base","Insufficient rights to link a clan base","Insufficient rights to link a clan base","Insufficient rights to link a clan base","Insufficient rights to link a clan base","Insufficient rights to link a clan base","Insufficient rights to link a clan base"
"STR_SMP_00692","Недостаточно прав, чтобы прокачивать клан","Not enough rights to upgrade your clan","Not enough rights to upgrade your clan","Not enough rights to upgrade your clan","Недостаточно прав, чтобы прокачивать клан","Not enough rights to upgrade your clan","Not enough rights to upgrade your clan","Not enough rights to upgrade your clan","Not enough rights to upgrade your clan","Not enough rights to upgrade your clan","Not enough rights to upgrade your clan","Not enough rights to upgrade your clan","Not enough rights to upgrade your clan","Not enough rights to upgrade your clan"
"STR_SMP_00693","Недостаточно прав, чтобы снимать из казны","Not enough rights to withdraw from the treasury","Not enough rights to withdraw from the treasury","Not enough rights to withdraw from the treasury","Недостаточно прав, чтобы снимать из казны","Not enough rights to withdraw from the treasury","Not enough rights to withdraw from the treasury","Not enough rights to withdraw from the treasury","Not enough rights to withdraw from the treasury","Not enough rights to withdraw from the treasury","Not enough rights to withdraw from the treasury","Not enough rights to withdraw from the treasury","Not enough rights to withdraw from the treasury","Not enough rights to withdraw from the treasury"
"STR_SMP_00694","Недостаточно предметов: ","Not enough items: ","Not enough items: ","Not enough items: ","Недостаточно предметов: ","Not enough items: ","Not enough items: ","Not enough items: ","Not enough items: ","Not enough items: ","Not enough items: ","Not enough items: ","Not enough items: ","Not enough items: "
"STR_SMP_00695","Недостаточный ранг для торговли","Insufficient rank for trading","Insufficient rank for trading","Insufficient rank for trading","Недостаточный ранг для торговли","Insufficient rank for trading","Insufficient rank for trading","Insufficient rank for trading","Insufficient rank for trading","Insufficient rank for trading","Insufficient rank for trading","Insufficient rank for trading","Insufficient rank for trading","Insufficient rank for trading"
"STR_SMP_00696","Неизвестно","Unknown","Unknown","Unknown","Неизвестно","Unknown","Unknown","Unknown","Unknown","Unknown","Unknown","Unknown","Unknown","Unknown"
"STR_SMP_00697","Нельзя отвязать базу другого клана","You cannot unbind the base of another clan","You cannot unbind the base of another clan","You cannot unbind the base of another clan","Нельзя отвязать базу другого клана","You cannot unbind the base of another clan","You cannot unbind the base of another clan","You cannot unbind the base of another clan","You cannot unbind the base of another clan","You cannot unbind the base of another clan","You cannot unbind the base of another clan","You cannot unbind the base of another clan","You cannot unbind the base of another clan","You cannot unbind the base of another clan"
"STR_SMP_00698","Нельзя привязать разрушенный флагшток","You cannot tie a destroyed flagpole","You cannot tie a destroyed flagpole","You cannot tie a destroyed flagpole","Нельзя привязать разрушенный флагшток","You cannot tie a destroyed flagpole","You cannot tie a destroyed flagpole","You cannot tie a destroyed flagpole","You cannot tie a destroyed flagpole","You cannot tie a destroyed flagpole","You cannot tie a destroyed flagpole","You cannot tie a destroyed flagpole","You cannot tie a destroyed flagpole","You cannot tie a destroyed flagpole"
"STR_SMP_00699","Нельзя принять свой контракт","Can't accept your contract","Can't accept your contract","Can't accept your contract","Нельзя принять свой контракт","Can't accept your contract","Can't accept your contract","Can't accept your contract","Can't accept your contract","Can't accept your contract","Can't accept your contract","Can't accept your contract","Can't accept your contract","Can't accept your contract"
"STR_SMP_00700","Нельзя создать контракт на соклана","Нельзя создать контракт на соклана","Нельзя создать контракт на соклана","Нельзя создать контракт на соклана","Нельзя создать контракт на соклана","Нельзя создать контракт на соклана","Нельзя создать контракт на соклана","Нельзя создать контракт на соклана","Нельзя создать контракт на соклана","Нельзя создать контракт на соклана","Нельзя создать контракт на соклана","Нельзя создать контракт на соклана","Нельзя создать контракт на соклана","Нельзя создать контракт на соклана"
"STR_SMP_00701","Нельзя ставить на свой лот","You cannot bet on your lot","You cannot bet on your lot","You cannot bet on your lot","Нельзя ставить на свой лот","You cannot bet on your lot","You cannot bet on your lot","You cannot bet on your lot","You cannot bet on your lot","You cannot bet on your lot","You cannot bet on your lot","You cannot bet on your lot","You cannot bet on your lot","You cannot bet on your lot"
"STR_SMP_00702","Несломленные","Unbroken","Unbroken","Unbroken","Несломленные","Unbroken","Unbroken","Unbroken","Unbroken","Unbroken","Unbroken","Unbroken","Unbroken","Unbroken"
"STR_SMP_00703","Нет прав на админ-журнал чата","Нет прав на админ-журнал чата","Нет прав на админ-журнал чата","Нет прав на админ-журнал чата","Нет прав на админ-журнал чата","Нет прав на админ-журнал чата","Нет прав на админ-журнал чата","Нет прав на админ-журнал чата","Нет прав на админ-журнал чата","Нет прав на админ-журнал чата","Нет прав на админ-журнал чата","Нет прав на админ-журнал чата","Нет прав на админ-журнал чата","Нет прав на админ-журнал чата"
"STR_SMP_00704","Нет прав на команды мута","No permission for mute commands","No permission for mute commands","No permission for mute commands","Нет прав на команды мута","No permission for mute commands","No permission for mute commands","No permission for mute commands","No permission for mute commands","No permission for mute commands","No permission for mute commands","No permission for mute commands","No permission for mute commands","No permission for mute commands"
"STR_SMP_00705","Нет прав на мут чата","No permission to mute chat","No permission to mute chat","No permission to mute chat","Нет прав на мут чата","No permission to mute chat","No permission to mute chat","No permission to mute chat","No permission to mute chat","No permission to mute chat","No permission to mute chat","No permission to mute chat","No permission to mute chat","No permission to mute chat"
"STR_SMP_00706","Нет прав на размут чата","No rights to disable chat","No rights to disable chat","No rights to disable chat","Нет прав на размут чата","No rights to disable chat","No rights to disable chat","No rights to disable chat","No rights to disable chat","No rights to disable chat","No rights to disable chat","No rights to disable chat","No rights to disable chat","No rights to disable chat"
"STR_SMP_00707","Неуловимый","Elusive","Elusive","Elusive","Неуловимый","Elusive","Elusive","Elusive","Elusive","Elusive","Elusive","Elusive","Elusive","Elusive"
"STR_SMP_00708","Новая метка","New label","New label","New label","Новая метка","New label","New label","New label","New label","New label","New label","New label","New label","New label"
"STR_SMP_00709","Новичок","Rookie","Rookie","Rookie","Новичок","Rookie","Rookie","Rookie","Rookie","Rookie","Rookie","Rookie","Rookie","Rookie"
"STR_SMP_00710","Новобранец","Recruit","Recruit","Recruit","Новобранец","Recruit","Recruit","Recruit","Recruit","Recruit","Recruit","Recruit","Recruit","Recruit"
"STR_SMP_00711","Новое звание: ","New title: ","New title: ","New title: ","Новое звание: ","New title: ","New title: ","New title: ","New title: ","New title: ","New title: ","New title: ","New title: ","New title: "
"STR_SMP_00712","Новый лидер клана: ","New clan leader: ","New clan leader: ","New clan leader: ","Новый лидер клана: ","New clan leader: ","New clan leader: ","New clan leader: ","New clan leader: ","New clan leader: ","New clan leader: ","New clan leader: ","New clan leader: ","New clan leader: "
"STR_SMP_00713","Нужен полный Discord webhook URL","Need full Discord webhook URL","Need full Discord webhook URL","Need full Discord webhook URL","Нужен полный Discord webhook URL","Need full Discord webhook URL","Need full Discord webhook URL","Need full Discord webhook URL","Need full Discord webhook URL","Need full Discord webhook URL","Need full Discord webhook URL","Need full Discord webhook URL","Need full Discord webhook URL","Need full Discord webhook URL"
"STR_SMP_00714","Нужен уровень клана ","Clan level required ","Clan level required ","Clan level required ","Нужен уровень клана ","Clan level required ","Clan level required ","Clan level required ","Clan level required ","Clan level required ","Clan level required ","Clan level required ","Clan level required ","Clan level required "
"STR_SMP_00715","Обновить","Update","Update","Update","Обновить","Update","Update","Update","Update","Update","Update","Update","Update","Update"
"STR_SMP_00716","Обновить список","Update list","Update list","Update list","Обновить список","Update list","Update list","Update list","Update list","Update list","Update list","Update list","Update list","Update list"
"STR_SMP_00717","Общая копилка","Shared piggy bank","Shared piggy bank","Shared piggy bank","Общая копилка","Shared piggy bank","Shared piggy bank","Shared piggy bank","Shared piggy bank","Shared piggy bank","Shared piggy bank","Shared piggy bank","Shared piggy bank","Shared piggy bank"
"STR_SMP_00718","Общая точность","Overall Accuracy","Overall Accuracy","Overall Accuracy","Общая точность","Overall Accuracy","Overall Accuracy","Overall Accuracy","Overall Accuracy","Overall Accuracy","Overall Accuracy","Overall Accuracy","Overall Accuracy","Overall Accuracy"
"STR_SMP_00719","Общие","General","General","General","Общие","General","General","General","General","General","General","General","General","General"
"STR_SMP_00720","Общие метки — только просмотр · колесо — зум","Общие метки — только просмотр · колесо — зум","Общие метки — только просмотр · колесо — зум","Общие метки — только просмотр · колесо — зум","Общие метки — только просмотр · колесо — зум","Общие метки — только просмотр · колесо — зум","Общие метки — только просмотр · колесо — зум","Общие метки — только просмотр · колесо — зум","Общие метки — только просмотр · колесо — зум","Общие метки — только просмотр · колесо — зум","Общие метки — только просмотр · колесо — зум","Общие метки — только просмотр · колесо — зум","Общие метки — только просмотр · колесо — зум","Общие метки — только просмотр · колесо — зум"
"STR_SMP_00721","Общий вклад","Total contribution","Total contribution","Total contribution","Общий вклад","Total contribution","Total contribution","Total contribution","Total contribution","Total contribution","Total contribution","Total contribution","Total contribution","Total contribution"
"STR_SMP_00722","Общий дозор","General watch","General watch","General watch","Общий дозор","General watch","General watch","General watch","General watch","General watch","General watch","General watch","General watch","General watch"
"STR_SMP_00723","Общий запас предметов для базы, рейдов и обмена между участниками.","Общий запас предметов для базы, рейдов и обмена между участниками.","Общий запас предметов для базы, рейдов и обмена между участниками.","Общий запас предметов для базы, рейдов и обмена между участниками.","Общий запас предметов для базы, рейдов и обмена между участниками.","Общий запас предметов для базы, рейдов и обмена между участниками.","Общий запас предметов для базы, рейдов и обмена между участниками.","Общий запас предметов для базы, рейдов и обмена между участниками.","Общий запас предметов для базы, рейдов и обмена между участниками.","Общий запас предметов для базы, рейдов и обмена между участниками.","Общий запас предметов для базы, рейдов и обмена между участниками.","Общий запас предметов для базы, рейдов и обмена между участниками.","Общий запас предметов для базы, рейдов и обмена между участниками.","Общий запас предметов для базы, рейдов и обмена между участниками."
"STR_SMP_00724","Огневая подготовка","Fire training","Fire training","Fire training","Огневая подготовка","Fire training","Fire training","Fire training","Fire training","Fire training","Fire training","Fire training","Fire training","Fire training"
"STR_SMP_00725","онлайн","Online","Online","Online","онлайн","Online","Online","Online","Online","Online","Online","Online","Online","Online"
"STR_SMP_00726","Онлайн","Online","Online","Online","Онлайн","Online","Online","Online","Online","Online","Online","Online","Online","Online"
"STR_SMP_00727","Онлайн:","Online:","Online:","Online:","Онлайн:","Online:","Online:","Online:","Online:","Online:","Online:","Online:","Online:","Online:"
"STR_SMP_00728","Опасная репутация","Dangerous Reputation","Dangerous Reputation","Dangerous Reputation","Опасная репутация","Dangerous Reputation","Dangerous Reputation","Dangerous Reputation","Dangerous Reputation","Dangerous Reputation","Dangerous Reputation","Dangerous Reputation","Dangerous Reputation","Dangerous Reputation"
"STR_SMP_00729","Опасный боец","Dangerous fighter","Dangerous fighter","Dangerous fighter","Опасный боец","Dangerous fighter","Dangerous fighter","Dangerous fighter","Dangerous fighter","Dangerous fighter","Dangerous fighter","Dangerous fighter","Dangerous fighter","Dangerous fighter"
"STR_SMP_00730","Описание видят все игроки в окне информации о клане. До 200 символов.","The description is visible to all players in the clan information window. Up to 200 characters.","The description is visible to all players in the clan information window. Up to 200 characters.","The description is visible to all players in the clan information window. Up to 200 characters.","Описание видят все игроки в окне информации о клане. До 200 символов.","The description is visible to all players in the clan information window. Up to 200 characters.","The description is visible to all players in the clan information window. Up to 200 characters.","The description is visible to all players in the clan information window. Up to 200 characters.","The description is visible to all players in the clan information window. Up to 200 characters.","The description is visible to all players in the clan information window. Up to 200 characters.","The description is visible to all players in the clan information window. Up to 200 characters.","The description is visible to all players in the clan information window. Up to 200 characters.","The description is visible to all players in the clan information window. Up to 200 characters.","The description is visible to all players in the clan information window. Up to 200 characters."
"STR_SMP_00731","Описание клана","Description of the clan","Description of the clan","Description of the clan","Описание клана","Description of the clan","Description of the clan","Description of the clan","Description of the clan","Description of the clan","Description of the clan","Description of the clan","Description of the clan","Description of the clan"
"STR_SMP_00732","Описание клана (необязательно):","Clan Description (optional):","Clan Description (optional):","Clan Description (optional):","Описание клана (необязательно):","Clan Description (optional):","Clan Description (optional):","Clan Description (optional):","Clan Description (optional):","Clan Description (optional):","Clan Description (optional):","Clan Description (optional):","Clan Description (optional):","Clan Description (optional):"
"STR_SMP_00733","Описание пока не заполнено.","Description is not complete yet.","Description is not complete yet.","Description is not complete yet.","Описание пока не заполнено.","Description is not complete yet.","Description is not complete yet.","Description is not complete yet.","Description is not complete yet.","Description is not complete yet.","Description is not complete yet.","Description is not complete yet.","Description is not complete yet.","Description is not complete yet."
"STR_SMP_00734","Описание сохранено","Description saved","Description saved","Description saved","Описание сохранено","Description saved","Description saved","Description saved","Description saved","Description saved","Description saved","Description saved","Description saved","Description saved"
"STR_SMP_00735","Описание:","Description:","Description:","Description:","Описание:","Description:","Description:","Description:","Description:","Description:","Description:","Description:","Description:","Description:"
"STR_SMP_00736","Описание: максимум ","Description: maximum ","Description: maximum ","Description: maximum ","Описание: максимум ","Description: maximum ","Description: maximum ","Description: maximum ","Description: maximum ","Description: maximum ","Description: maximum ","Description: maximum ","Description: maximum ","Description: maximum "
"STR_SMP_00737","Опора казны","Support of the treasury","Support of the treasury","Support of the treasury","Опора казны","Support of the treasury","Support of the treasury","Support of the treasury","Support of the treasury","Support of the treasury","Support of the treasury","Support of the treasury","Support of the treasury","Support of the treasury"
"STR_SMP_00738","Опыт","Experience","Experience","Experience","Опыт","Experience","Experience","Experience","Experience","Experience","Experience","Experience","Experience","Experience"
"STR_SMP_00739","Опытный","Experienced","Experienced","Experienced","Опытный","Experienced","Experienced","Experienced","Experienced","Experienced","Experienced","Experienced","Experienced","Experienced"
"STR_SMP_00740","Основатель","Founder","Founder","Founder","Основатель","Founder","Founder","Founder","Founder","Founder","Founder","Founder","Founder","Founder"
"STR_SMP_00741","Осталось","Remaining","Remaining","Remaining","Осталось","Remaining","Remaining","Remaining","Remaining","Remaining","Remaining","Remaining","Remaining","Remaining"
"STR_SMP_00742","Остался жив","Stayed alive","Stayed alive","Stayed alive","Остался жив","Stayed alive","Stayed alive","Stayed alive","Stayed alive","Stayed alive","Stayed alive","Stayed alive","Stayed alive","Stayed alive"
"STR_SMP_00743","Остаток","Remainder","Remainder","Remainder","Остаток","Remainder","Remainder","Remainder","Remainder","Remainder","Remainder","Remainder","Remainder","Remainder"
"STR_SMP_00744","Осторожная группа","Cautious group","Cautious group","Cautious group","Осторожная группа","Cautious group","Cautious group","Cautious group","Cautious group","Cautious group","Cautious group","Cautious group","Cautious group","Cautious group"
"STR_SMP_00745","Осторожный путь","The Cautious Path","The Cautious Path","The Cautious Path","Осторожный путь","The Cautious Path","The Cautious Path","The Cautious Path","The Cautious Path","The Cautious Path","The Cautious Path","The Cautious Path","The Cautious Path","The Cautious Path"
"STR_SMP_00746","Отвязать базу клана","Untie clan base","Untie clan base","Untie clan base","Отвязать базу клана","Untie clan base","Untie clan base","Untie clan base","Untie clan base","Untie clan base","Untie clan base","Untie clan base","Untie clan base","Untie clan base"
"STR_SMP_00747","Отвязать базу могут только состоящие в клане","Only clan members can unlink the base","Only clan members can unlink the base","Only clan members can unlink the base","Отвязать базу могут только состоящие в клане","Only clan members can unlink the base","Only clan members can unlink the base","Only clan members can unlink the base","Only clan members can unlink the base","Only clan members can unlink the base","Only clan members can unlink the base","Only clan members can unlink the base","Only clan members can unlink the base","Only clan members can unlink the base"
"STR_SMP_00748","Отвязать базу можно только на текущем флагштоке базы клана","You can untie a base only on the current flagpole of the clan base","You can untie a base only on the current flagpole of the clan base","You can untie a base only on the current flagpole of the clan base","Отвязать базу можно только на текущем флагштоке базы клана","You can untie a base only on the current flagpole of the clan base","You can untie a base only on the current flagpole of the clan base","You can untie a base only on the current flagpole of the clan base","You can untie a base only on the current flagpole of the clan base","You can untie a base only on the current flagpole of the clan base","You can untie a base only on the current flagpole of the clan base","You can untie a base only on the current flagpole of the clan base","You can untie a base only on the current flagpole of the clan base","You can untie a base only on the current flagpole of the clan base"
"STR_SMP_00749","Отвязка базы","Unbinding the base","Unbinding the base","Unbinding the base","Отвязка базы","Unbinding the base","Unbinding the base","Unbinding the base","Unbinding the base","Unbinding the base","Unbinding the base","Unbinding the base","Unbinding the base","Unbinding the base"
"STR_SMP_00750","Отказ","Abandoned","Abandoned","Abandoned","Отказ","Abandoned","Abandoned","Abandoned","Abandoned","Abandoned","Abandoned","Abandoned","Abandoned","Abandoned"
"STR_SMP_00751","Отказаться может только исполнитель","Only the performer can refuse","Only the performer can refuse","Only the performer can refuse","Отказаться может только исполнитель","Only the performer can refuse","Only the performer can refuse","Only the performer can refuse","Only the performer can refuse","Only the performer can refuse","Only the performer can refuse","Only the performer can refuse","Only the performer can refuse","Only the performer can refuse"
"STR_SMP_00752","Отклонить","Reject","Reject","Reject","Отклонить","Reject","Reject","Reject","Reject","Reject","Reject","Reject","Reject","Reject"
"STR_SMP_00753","Открыт","Open","Open","Open","Открыт","Open","Open","Open","Open","Open","Open","Open","Open","Open"
"STR_SMP_00754","Открыт клан: ","Clan opened: ","Clan opened: ","Clan opened: ","Открыт клан: ","Clan opened: ","Clan opened: ","Clan opened: ","Clan opened: ","Clan opened: ","Clan opened: ","Clan opened: ","Clan opened: ","Clan opened: "
"STR_SMP_00755","Открыть карту клана","Open clan map","Open clan map","Open clan map","Открыть карту клана","Open clan map","Open clan map","Open clan map","Open clan map","Open clan map","Open clan map","Open clan map","Open clan map","Open clan map"
"STR_SMP_00756","Открыть меню клана","Open clan menu","Open clan menu","Open clan menu","Открыть меню клана","Open clan menu","Open clan menu","Open clan menu","Open clan menu","Open clan menu","Open clan menu","Open clan menu","Open clan menu","Open clan menu"
"STR_SMP_00757","Отмена","Cancel","Cancel","Cancel","Отмена","Cancel","Cancel","Cancel","Cancel","Cancel","Cancel","Cancel","Cancel","Cancel"
"STR_SMP_00758","Отмена лотов отключена","Cancellation of lots is disabled","Cancellation of lots is disabled","Cancellation of lots is disabled","Отмена лотов отключена","Cancellation of lots is disabled","Cancellation of lots is disabled","Cancellation of lots is disabled","Cancellation of lots is disabled","Cancellation of lots is disabled","Cancellation of lots is disabled","Cancellation of lots is disabled","Cancellation of lots is disabled","Cancellation of lots is disabled"
"STR_SMP_00759","Отменён","Cancelled","Cancelled","Cancelled","Отменён","Cancelled","Cancelled","Cancelled","Cancelled","Cancelled","Cancelled","Cancelled","Cancelled","Cancelled"
"STR_SMP_00760","Отряд охотников","Hunter squad","Hunter squad","Hunter squad","Отряд охотников","Hunter squad","Hunter squad","Hunter squad","Hunter squad","Hunter squad","Hunter squad","Hunter squad","Hunter squad","Hunter squad"
"STR_SMP_00761","Офицер","Officer","Officer","Officer","Офицер","Officer","Officer","Officer","Officer","Officer","Officer","Officer","Officer","Officer"
"STR_SMP_00762","Охота","Hunt","Hunt","Hunt","Охота","Hunt","Hunt","Hunt","Hunt","Hunt","Hunt","Hunt","Hunt","Hunt"
"STR_SMP_00763","Охотник","Hunter","Hunter","Hunter","Охотник","Hunter","Hunter","Hunter","Hunter","Hunter","Hunter","Hunter","Hunter","Hunter"
"STR_SMP_00764","Очистить","Clear","Clear","Clear","Очистить","Clear","Clear","Clear","Clear","Clear","Clear","Clear","Clear","Clear"
"STR_SMP_00765","Очистить быстрые метки клана","Clear quick clan markers","Clear quick clan markers","Clear quick clan markers","Очистить быстрые метки клана","Clear quick clan markers","Clear quick clan markers","Clear quick clan markers","Clear quick clan markers","Clear quick clan markers","Clear quick clan markers","Clear quick clan markers","Clear quick clan markers","Clear quick clan markers"
"STR_SMP_00766","Ошибка записи Settings.json: ","Error writing Settings.json: ","Error writing Settings.json: ","Error writing Settings.json: ","Ошибка записи Settings.json: ","Error writing Settings.json: ","Error writing Settings.json: ","Error writing Settings.json: ","Error writing Settings.json: ","Error writing Settings.json: ","Error writing Settings.json: ","Error writing Settings.json: ","Error writing Settings.json: ","Error writing Settings.json: "
"STR_SMP_00767","Ошибка миграции старого Settings.json: ","Error migrating old Settings.json: ","Error migrating old Settings.json: ","Error migrating old Settings.json: ","Ошибка миграции старого Settings.json: ","Error migrating old Settings.json: ","Error migrating old Settings.json: ","Error migrating old Settings.json: ","Error migrating old Settings.json: ","Error migrating old Settings.json: ","Error migrating old Settings.json: ","Error migrating old Settings.json: ","Error migrating old Settings.json: ","Error migrating old Settings.json: "
"STR_SMP_00768","Ошибка обновления. Смотри RPT","Update error. See RPT","Update error. See RPT","Update error. See RPT","Ошибка обновления. Смотри RPT","Update error. See RPT","Update error. See RPT","Update error. See RPT","Update error. See RPT","Update error. See RPT","Update error. See RPT","Update error. See RPT","Update error. See RPT","Update error. See RPT"
"STR_SMP_00769","Ошибка спавна предмета! Сообщите администратору (лот ","Item spawn error! Notify the administrator (lot ","Item spawn error! Notify the administrator (lot ","Item spawn error! Notify the administrator (lot ","Ошибка спавна предмета! Сообщите администратору (лот ","Item spawn error! Notify the administrator (lot ","Item spawn error! Notify the administrator (lot ","Item spawn error! Notify the administrator (lot ","Item spawn error! Notify the administrator (lot ","Item spawn error! Notify the administrator (lot ","Item spawn error! Notify the administrator (lot ","Item spawn error! Notify the administrator (lot ","Item spawn error! Notify the administrator (lot ","Item spawn error! Notify the administrator (lot "
"STR_SMP_00770","Ошибка спавна предмета! Сообщите администратору (предмет ","Item spawn error! Notify the administrator (item ","Item spawn error! Notify the administrator (item ","Item spawn error! Notify the administrator (item ","Ошибка спавна предмета! Сообщите администратору (предмет ","Item spawn error! Notify the administrator (item ","Item spawn error! Notify the administrator (item ","Item spawn error! Notify the administrator (item ","Item spawn error! Notify the administrator (item ","Item spawn error! Notify the administrator (item ","Item spawn error! Notify the administrator (item ","Item spawn error! Notify the administrator (item ","Item spawn error! Notify the administrator (item ","Item spawn error! Notify the administrator (item "
"STR_SMP_00771","Ошибка спавна предмета: ","Item spawn error: ","Item spawn error: ","Item spawn error: ","Ошибка спавна предмета: ","Item spawn error: ","Item spawn error: ","Item spawn error: ","Item spawn error: ","Item spawn error: ","Item spawn error: ","Item spawn error: ","Item spawn error: ","Item spawn error: "
"STR_SMP_00772","Ошибка чтения Settings.json: ","Error reading Settings.json: ","Error reading Settings.json: ","Error reading Settings.json: ","Ошибка чтения Settings.json: ","Error reading Settings.json: ","Error reading Settings.json: ","Error reading Settings.json: ","Error reading Settings.json: ","Error reading Settings.json: ","Error reading Settings.json: ","Error reading Settings.json: ","Error reading Settings.json: ","Error reading Settings.json: "
"STR_SMP_00773","Патроны 7.62x39","Ammo 7.62x39","Ammo 7.62x39","Ammo 7.62x39","Патроны 7.62x39","Ammo 7.62x39","Ammo 7.62x39","Ammo 7.62x39","Ammo 7.62x39","Ammo 7.62x39","Ammo 7.62x39","Ammo 7.62x39","Ammo 7.62x39","Ammo 7.62x39"
"STR_SMP_00774","Первая покупка","First purchase","First purchase","First purchase","Первая покупка","First purchase","First purchase","First purchase","First purchase","First purchase","First purchase","First purchase","First purchase","First purchase"
"STR_SMP_00775","Первая ставка","First bet","First bet","First bet","Первая ставка","First bet","First bet","First bet","First bet","First bet","First bet","First bet","First bet","First bet"
"STR_SMP_00776","Первое развитие","First development","First development","First development","Первое развитие","First development","First development","First development","First development","First development","First development","First development","First development","First development"
"STR_SMP_00777","Первые шаги","First steps","First steps","First steps","Первые шаги","First steps","First steps","First steps","First steps","First steps","First steps","First steps","First steps","First steps"
"STR_SMP_00778","Первый вклад","First deposit","First deposit","First deposit","Первый вклад","First deposit","First deposit","First deposit","First deposit","First deposit","First deposit","First deposit","First deposit","First deposit"
"STR_SMP_00779","Первый отпор","First rebuff","First rebuff","First rebuff","Первый отпор","First rebuff","First rebuff","First rebuff","First rebuff","First rebuff","First rebuff","First rebuff","First rebuff","First rebuff"
"STR_SMP_00780","Первый продавец","First seller","First seller","First seller","Первый продавец","First seller","First seller","First seller","First seller","First seller","First seller","First seller","First seller","First seller"
"STR_SMP_00781","Первый рейд","First raid","First raid","First raid","Первый рейд","First raid","First raid","First raid","First raid","First raid","First raid","First raid","First raid","First raid"
"STR_SMP_00782","Первый фраг","First frag","First frag","First frag","Первый фраг","First frag","First frag","First frag","First frag","First frag","First frag","First frag","First frag","First frag"
"STR_SMP_00783","Первый час","First hour","First hour","First hour","Первый час","First hour","First hour","First hour","First hour","First hour","First hour","First hour","First hour","First hour"
"STR_SMP_00784","Перепривязка базы","Rebinding the base","Rebinding the base","Rebinding the base","Перепривязка базы","Rebinding the base","Rebinding the base","Rebinding the base","Rebinding the base","Rebinding the base","Rebinding the base","Rebinding the base","Rebinding the base","Rebinding the base"
"STR_SMP_00785","Пешеход","Pedestrian","Pedestrian","Pedestrian","Пешеход","Pedestrian","Pedestrian","Pedestrian","Pedestrian","Pedestrian","Pedestrian","Pedestrian","Pedestrian","Pedestrian"
"STR_SMP_00786","Пишет сообщение..","Typing message..","Typing message..","Typing message..","Пишет сообщение..","Typing message..","Typing message..","Typing message..","Typing message..","Typing message..","Typing message..","Typing message..","Typing message..","Typing message.."
"STR_SMP_00787","по итогам месяца","at the end of the month","at the end of the month","at the end of the month","по итогам месяца","at the end of the month","at the end of the month","at the end of the month","at the end of the month","at the end of the month","at the end of the month","at the end of the month","at the end of the month","at the end of the month"
"STR_SMP_00788","по итогам периода","based on the results of the period","based on the results of the period","based on the results of the period","по итогам периода","based on the results of the period","based on the results of the period","based on the results of the period","based on the results of the period","based on the results of the period","based on the results of the period","based on the results of the period","based on the results of the period","based on the results of the period"
"STR_SMP_00789","Повысить игрока","Promote a player","Promote a player","Promote a player","Повысить игрока","Promote a player","Promote a player","Promote a player","Promote a player","Promote a player","Promote a player","Promote a player","Promote a player","Promote a player"
"STR_SMP_00790","Повысить требование","Raise requirement","Raise requirement","Raise requirement","Повысить требование","Raise requirement","Raise requirement","Raise requirement","Raise requirement","Raise requirement","Raise requirement","Raise requirement","Raise requirement","Raise requirement"
"STR_SMP_00791","Подать заявку","Apply now","Apply now","Apply now","Подать заявку","Apply now","Apply now","Apply now","Apply now","Apply now","Apply now","Apply now","Apply now","Apply now"
"STR_SMP_00792","Поиск","Search","Search","Search","Поиск","Search","Search","Search","Search","Search","Search","Search","Search","Search"
"STR_SMP_00793","Поиск по названию","Search by name","Search by name","Search by name","Поиск по названию","Search by name","Search by name","Search by name","Search by name","Search by name","Search by name","Search by name","Search by name","Search by name"
"STR_SMP_00794","Показ участников","Show participants","Show participants","Show participants","Показ участников","Show participants","Show participants","Show participants","Show participants","Show participants","Show participants","Show participants","Show participants","Show participants"
"STR_SMP_00795","Показать","Show","Show","Show","Показать","Show","Show","Show","Show","Show","Show","Show","Show","Show"
"STR_SMP_00796","Показать 3D","Show 3D","Show 3D","Show 3D","Показать 3D","Show 3D","Show 3D","Show 3D","Show 3D","Show 3D","Show 3D","Show 3D","Show 3D","Show 3D"
"STR_SMP_00797","Показать меня","Show me","Show me","Show me","Показать меня","Show me","Show me","Show me","Show me","Show me","Show me","Show me","Show me","Show me"
"STR_SMP_00798","Показывать","Show","Show","Show","Показывать","Show","Show","Show","Show","Show","Show","Show","Show","Show"
"STR_SMP_00799","Показывать себя","Show yourself","Show yourself","Show yourself","Показывать себя","Show yourself","Show yourself","Show yourself","Show yourself","Show yourself","Show yourself","Show yourself","Show yourself","Show yourself"
"STR_SMP_00800","Показывать участников в HUD","Show members in HUD","Show members in HUD","Show members in HUD","Показывать участников в HUD","Show members in HUD","Show members in HUD","Show members in HUD","Show members in HUD","Show members in HUD","Show members in HUD","Show members in HUD","Show members in HUD","Show members in HUD"
"STR_SMP_00801","Покинуть клан","Leave the clan","Leave the clan","Leave the clan","Покинуть клан","Leave the clan","Leave the clan","Leave the clan","Leave the clan","Leave the clan","Leave the clan","Leave the clan","Leave the clan","Leave the clan"
"STR_SMP_00802","Полный состав","Full composition","Full composition","Full composition","Полный состав","Full composition","Full composition","Full composition","Full composition","Full composition","Full composition","Full composition","Full composition","Full composition"
"STR_SMP_00803","Положено на склад: ","In stock: ","In stock: ","In stock: ","Положено на склад: ","In stock: ","In stock: ","In stock: ","In stock: ","In stock: ","In stock: ","In stock: ","In stock: ","In stock: "
"STR_SMP_00804","Положите 10 предметов в хранилище","Place 10 items in storage","Place 10 items in storage","Place 10 items in storage","Положите 10 предметов в хранилище","Place 10 items in storage","Place 10 items in storage","Place 10 items in storage","Place 10 items in storage","Place 10 items in storage","Place 10 items in storage","Place 10 items in storage","Place 10 items in storage","Place 10 items in storage"
"STR_SMP_00805","Положите 50 предметов в хранилище","Place 50 items in storage","Place 50 items in storage","Place 50 items in storage","Положите 50 предметов в хранилище","Place 50 items in storage","Place 50 items in storage","Place 50 items in storage","Place 50 items in storage","Place 50 items in storage","Place 50 items in storage","Place 50 items in storage","Place 50 items in storage","Place 50 items in storage"
"STR_SMP_00806","Положить (предмет в руках)","Put (object in hands)","Put (object in hands)","Put (object in hands)","Положить (предмет в руках)","Put (object in hands)","Put (object in hands)","Put (object in hands)","Put (object in hands)","Put (object in hands)","Put (object in hands)","Put (object in hands)","Put (object in hands)","Put (object in hands)"
"STR_SMP_00807","Получено","Received","Received","Received","Получено","Received","Received","Received","Received","Received","Received","Received","Received","Received"
"STR_SMP_00808","Получены предметы по контракту: ","Items received under the contract: ","Items received under the contract: ","Items received under the contract: ","Получены предметы по контракту: ","Items received under the contract: ","Items received under the contract: ","Items received under the contract: ","Items received under the contract: ","Items received under the contract: ","Items received under the contract: ","Items received under the contract: ","Items received under the contract: ","Items received under the contract: "
"STR_SMP_00809","Пользоваться складом могут только состоящие в клане","Only clan members can use the storage","Only clan members can use the storage","Only clan members can use the storage","Пользоваться складом могут только состоящие в клане","Only clan members can use the storage","Only clan members can use the storage","Only clan members can use the storage","Only clan members can use the storage","Only clan members can use the storage","Only clan members can use the storage","Only clan members can use the storage","Only clan members can use the storage","Only clan members can use the storage"
"STR_SMP_00810","Понизить игрока","Demote a player","Demote a player","Demote a player","Понизить игрока","Demote a player","Demote a player","Demote a player","Demote a player","Demote a player","Demote a player","Demote a player","Demote a player","Demote a player"
"STR_SMP_00811","Понизить требование","Lower requirement","Lower requirement","Lower requirement","Понизить требование","Lower requirement","Lower requirement","Lower requirement","Lower requirement","Lower requirement","Lower requirement","Lower requirement","Lower requirement","Lower requirement"
"STR_SMP_00812","Попадания в голову","Headshots","Headshots","Headshots","Попадания в голову","Headshots","Headshots","Headshots","Headshots","Headshots","Headshots","Headshots","Headshots","Headshots"
"STR_SMP_00813","Попадите 1000 раз","Hit 1000 times","Hit 1000 times","Hit 1000 times","Попадите 1000 раз","Hit 1000 times","Hit 1000 times","Hit 1000 times","Hit 1000 times","Hit 1000 times","Hit 1000 times","Hit 1000 times","Hit 1000 times","Hit 1000 times"
"STR_SMP_00814","Попадите 250 раз","Hit 250 times","Hit 250 times","Hit 250 times","Попадите 250 раз","Hit 250 times","Hit 250 times","Hit 250 times","Hit 250 times","Hit 250 times","Hit 250 times","Hit 250 times","Hit 250 times","Hit 250 times"
"STR_SMP_00815","Попадите 50 раз","Hit 50 times","Hit 50 times","Hit 50 times","Попадите 50 раз","Hit 50 times","Hit 50 times","Hit 50 times","Hit 50 times","Hit 50 times","Hit 50 times","Hit 50 times","Hit 50 times","Hit 50 times"
"STR_SMP_00816","Пополнение казны","Replenishment of the treasury","Replenishment of the treasury","Replenishment of the treasury","Пополнение казны","Replenishment of the treasury","Replenishment of the treasury","Replenishment of the treasury","Replenishment of the treasury","Replenishment of the treasury","Replenishment of the treasury","Replenishment of the treasury","Replenishment of the treasury","Replenishment of the treasury"
"STR_SMP_00817","Пороховой склад","Powder storage","Powder storage","Powder storage","Пороховой склад","Powder storage","Powder storage","Powder storage","Powder storage","Powder storage","Powder storage","Powder storage","Powder storage","Powder storage"
"STR_SMP_00818","Пороховой след","powder trail","powder trail","powder trail","Пороховой след","powder trail","powder trail","powder trail","powder trail","powder trail","powder trail","powder trail","powder trail","powder trail"
"STR_SMP_00819","После создания клана игрок получает общие инструменты для базы, торговли и координации.","After creating a clan, the player receives common tools for base, trading and coordination.","After creating a clan, the player receives common tools for base, trading and coordination.","After creating a clan, the player receives common tools for base, trading and coordination.","После создания клана игрок получает общие инструменты для базы, торговли и координации.","After creating a clan, the player receives common tools for base, trading and coordination.","After creating a clan, the player receives common tools for base, trading and coordination.","After creating a clan, the player receives common tools for base, trading and coordination.","After creating a clan, the player receives common tools for base, trading and coordination.","After creating a clan, the player receives common tools for base, trading and coordination.","After creating a clan, the player receives common tools for base, trading and coordination.","After creating a clan, the player receives common tools for base, trading and coordination.","After creating a clan, the player receives common tools for base, trading and coordination.","After creating a clan, the player receives common tools for base, trading and coordination."
"STR_SMP_00820","Постоянное присутствие","Permanent presence","Permanent presence","Permanent presence","Постоянное присутствие","Permanent presence","Permanent presence","Permanent presence","Permanent presence","Permanent presence","Permanent presence","Permanent presence","Permanent presence","Permanent presence"
"STR_SMP_00821","Постоянный покупатель","Regular customer","Regular customer","Regular customer","Постоянный покупатель","Regular customer","Regular customer","Regular customer","Regular customer","Regular customer","Regular customer","Regular customer","Regular customer","Regular customer"
"STR_SMP_00822","Права / Discord","Rights / Discord","Rights / Discord","Rights / Discord","Права / Discord","Rights / Discord","Rights / Discord","Rights / Discord","Rights / Discord","Rights / Discord","Rights / Discord","Rights / Discord","Rights / Discord","Rights / Discord"
"STR_SMP_00823","Права доступа клана","Clan access rights","Clan access rights","Clan access rights","Права доступа клана","Clan access rights","Clan access rights","Clan access rights","Clan access rights","Clan access rights","Clan access rights","Clan access rights","Clan access rights","Clan access rights"
"STR_SMP_00824","Права доступа настраивает только лидер клана.","Access rights are configured only by the clan leader.","Access rights are configured only by the clan leader.","Access rights are configured only by the clan leader.","Права доступа настраивает только лидер клана.","Access rights are configured only by the clan leader.","Access rights are configured only by the clan leader.","Access rights are configured only by the clan leader.","Access rights are configured only by the clan leader.","Access rights are configured only by the clan leader.","Access rights are configured only by the clan leader.","Access rights are configured only by the clan leader.","Access rights are configured only by the clan leader.","Access rights are configured only by the clan leader."
"STR_SMP_00825","Превью соклана недоступно","Clan preview not available","Clan preview not available","Clan preview not available","Превью соклана недоступно","Clan preview not available","Clan preview not available","Clan preview not available","Clan preview not available","Clan preview not available","Clan preview not available","Clan preview not available","Clan preview not available","Clan preview not available"
"STR_SMP_00826","Превью цели недоступно для этого класса: ","Target preview is not available for this class: ","Target preview is not available for this class: ","Target preview is not available for this class: ","Превью цели недоступно для этого класса: ","Target preview is not available for this class: ","Target preview is not available for this class: ","Target preview is not available for this class: ","Target preview is not available for this class: ","Target preview is not available for this class: ","Target preview is not available for this class: ","Target preview is not available for this class: ","Target preview is not available for this class: ","Target preview is not available for this class: "
"STR_SMP_00827","Предмет","Item","Item","Item","Предмет","Item","Item","Item","Item","Item","Item","Item","Item","Item"
"STR_SMP_00828","Предмет по контракту: ","Contract item: ","Contract item: ","Contract item: ","Предмет по контракту: ","Contract item: ","Contract item: ","Contract item: ","Contract item: ","Contract item: ","Contract item: ","Contract item: ","Contract item: ","Contract item: "
"STR_SMP_00829","Предмет уже забрали","The item has already been taken","The item has already been taken","The item has already been taken","Предмет уже забрали","The item has already been taken","The item has already been taken","The item has already been taken","The item has already been taken","The item has already been taken","The item has already been taken","The item has already been taken","The item has already been taken","The item has already been taken"
"STR_SMP_00830","Предметы поиска","Search Items","Search Items","Search Items","Предметы поиска","Search Items","Search Items","Search Items","Search Items","Search Items","Search Items","Search Items","Search Items","Search Items"
"STR_SMP_00831","Привязать базу могут только состоящие в клане","Only clan members can link a base","Only clan members can link a base","Only clan members can link a base","Привязать базу могут только состоящие в клане","Only clan members can link a base","Only clan members can link a base","Only clan members can link a base","Only clan members can link a base","Only clan members can link a base","Only clan members can link a base","Only clan members can link a base","Only clan members can link a base","Only clan members can link a base"
"STR_SMP_00832","Привязывать базу клана","Link clan base","Link clan base","Link clan base","Привязывать базу клана","Link clan base","Link clan base","Link clan base","Link clan base","Link clan base","Link clan base","Link clan base","Link clan base","Link clan base"
"STR_SMP_00833","Пригл.","Inv.","Inv.","Inv.","Пригл.","Inv.","Inv.","Inv.","Inv.","Inv.","Inv.","Inv.","Inv.","Inv."
"STR_SMP_00834","Пригл. (","Inv. (","Inv. (","Inv. (","Пригл. (","Inv. (","Inv. (","Inv. (","Inv. (","Inv. (","Inv. (","Inv. (","Inv. (","Inv. ("
"STR_SMP_00835","Пригласить","Invite","Invite","Invite","Пригласить","Invite","Invite","Invite","Invite","Invite","Invite","Invite","Invite","Invite"
"STR_SMP_00836","Пригласить игрока","Invite player","Invite player","Invite player","Пригласить игрока","Invite player","Invite player","Invite player","Invite player","Invite player","Invite player","Invite player","Invite player","Invite player"
"STR_SMP_00837","Приглашать игроков","Invite players","Invite players","Invite players","Приглашать игроков","Invite players","Invite players","Invite players","Invite players","Invite players","Invite players","Invite players","Invite players","Invite players"
"STR_SMP_00838","Приглашение в клан","Invitation to the clan","Invitation to the clan","Invitation to the clan","Приглашение в клан","Invitation to the clan","Invitation to the clan","Invitation to the clan","Invitation to the clan","Invitation to the clan","Invitation to the clan","Invitation to the clan","Invitation to the clan","Invitation to the clan"
"STR_SMP_00839","Приглашение отправлено: ","Invitation sent: ","Invitation sent: ","Invitation sent: ","Приглашение отправлено: ","Invitation sent: ","Invitation sent: ","Invitation sent: ","Invitation sent: ","Invitation sent: ","Invitation sent: ","Invitation sent: ","Invitation sent: ","Invitation sent: "
"STR_SMP_00840","Приглашение уже отправлено","The invitation has already been sent","The invitation has already been sent","The invitation has already been sent","Приглашение уже отправлено","The invitation has already been sent","The invitation has already been sent","The invitation has already been sent","The invitation has already been sent","The invitation has already been sent","The invitation has already been sent","The invitation has already been sent","The invitation has already been sent","The invitation has already been sent"
"STR_SMP_00841","Приглашений нет","No invitations","No invitations","No invitations","Приглашений нет","No invitations","No invitations","No invitations","No invitations","No invitations","No invitations","No invitations","No invitations","No invitations"
"STR_SMP_00842","Приглашения","Invitations","Invitations","Invitations","Приглашения","Invitations","Invitations","Invitations","Invitations","Invitations","Invitations","Invitations","Invitations","Invitations"
"STR_SMP_00843","Принят","Accepted","Accepted","Accepted","Принят","Accepted","Accepted","Accepted","Accepted","Accepted","Accepted","Accepted","Accepted","Accepted"
"STR_SMP_00844","Принять","Accept","Accept","Accept","Принять","Accept","Accept","Accept","Accept","Accept","Accept","Accept","Accept","Accept"
"STR_SMP_00845","Принять в клан","Accept to clan","Accept to clan","Accept to clan","Принять в клан","Accept to clan","Accept to clan","Accept to clan","Accept to clan","Accept to clan","Accept to clan","Accept to clan","Accept to clan","Accept to clan"
"STR_SMP_00846","Проведите в игре 1 час","Spend 1 hour in game","Spend 1 hour in game","Spend 1 hour in game","Проведите в игре 1 час","Spend 1 hour in game","Spend 1 hour in game","Spend 1 hour in game","Spend 1 hour in game","Spend 1 hour in game","Spend 1 hour in game","Spend 1 hour in game","Spend 1 hour in game","Spend 1 hour in game"
"STR_SMP_00847","Проведите в игре 24 часа","Spend 24 hours in the game","Spend 24 hours in the game","Spend 24 hours in the game","Проведите в игре 24 часа","Spend 24 hours in the game","Spend 24 hours in the game","Spend 24 hours in the game","Spend 24 hours in the game","Spend 24 hours in the game","Spend 24 hours in the game","Spend 24 hours in the game","Spend 24 hours in the game","Spend 24 hours in the game"
"STR_SMP_00848","Проведите в игре 6 часов","Spend 6 hours in the game","Spend 6 hours in the game","Spend 6 hours in the game","Проведите в игре 6 часов","Spend 6 hours in the game","Spend 6 hours in the game","Spend 6 hours in the game","Spend 6 hours in the game","Spend 6 hours in the game","Spend 6 hours in the game","Spend 6 hours in the game","Spend 6 hours in the game","Spend 6 hours in the game"
"STR_SMP_00849","Проведите в игре 72 часа","Spend 72 hours in the game","Spend 72 hours in the game","Spend 72 hours in the game","Проведите в игре 72 часа","Spend 72 hours in the game","Spend 72 hours in the game","Spend 72 hours in the game","Spend 72 hours in the game","Spend 72 hours in the game","Spend 72 hours in the game","Spend 72 hours in the game","Spend 72 hours in the game","Spend 72 hours in the game"
"STR_SMP_00850","ПРОГРЕСС","Progress","Progress","Progress","ПРОГРЕСС","Progress","Progress","Progress","Progress","Progress","Progress","Progress","Progress","Progress"
"STR_SMP_00851","Прогресс","Progress","Progress","Progress","Прогресс","Progress","Progress","Progress","Progress","Progress","Progress","Progress","Progress","Progress"
"STR_SMP_00852","Прогресс: ","Progress: ","Progress: ","Progress: ","Прогресс: ","Progress: ","Progress: ","Progress: ","Progress: ","Progress: ","Progress: ","Progress: ","Progress: ","Progress: "
"STR_SMP_00853","Продавать могут только состоящие в клане","Only clan members can sell","Only clan members can sell","Only clan members can sell","Продавать могут только состоящие в клане","Only clan members can sell","Only clan members can sell","Only clan members can sell","Only clan members can sell","Only clan members can sell","Only clan members can sell","Only clan members can sell","Only clan members can sell","Only clan members can sell"
"STR_SMP_00854","Продавец","Seller","Seller","Seller","Продавец","Seller","Seller","Seller","Seller","Seller","Seller","Seller","Seller","Seller"
"STR_SMP_00855","Продажа (предмет в руках):","Selling (item in hand):","Selling (item in hand):","Selling (item in hand):","Продажа (предмет в руках):","Selling (item in hand):","Selling (item in hand):","Selling (item in hand):","Selling (item in hand):","Selling (item in hand):","Selling (item in hand):","Selling (item in hand):","Selling (item in hand):","Selling (item in hand):"
"STR_SMP_00856","Продайте 1 лот на рынке","Sell 1 lot on the market","Sell 1 lot on the market","Sell 1 lot on the market","Продайте 1 лот на рынке","Sell 1 lot on the market","Sell 1 lot on the market","Sell 1 lot on the market","Sell 1 lot on the market","Sell 1 lot on the market","Sell 1 lot on the market","Sell 1 lot on the market","Sell 1 lot on the market","Sell 1 lot on the market"
"STR_SMP_00857","Продайте 10 лотов на рынке","Sell 10 lots on the market","Sell 10 lots on the market","Sell 10 lots on the market","Продайте 10 лотов на рынке","Sell 10 lots on the market","Sell 10 lots on the market","Sell 10 lots on the market","Sell 10 lots on the market","Sell 10 lots on the market","Sell 10 lots on the market","Sell 10 lots on the market","Sell 10 lots on the market","Sell 10 lots on the market"
"STR_SMP_00858","Продайте 5 лотов на аукционе","Sell 5 lots at auction","Sell 5 lots at auction","Sell 5 lots at auction","Продайте 5 лотов на аукционе","Sell 5 lots at auction","Sell 5 lots at auction","Sell 5 lots at auction","Sell 5 lots at auction","Sell 5 lots at auction","Sell 5 lots at auction","Sell 5 lots at auction","Sell 5 lots at auction","Sell 5 lots at auction"
"STR_SMP_00859","Продан лот ","Lot sold ","Lot sold ","Lot sold ","Продан лот ","Lot sold ","Lot sold ","Lot sold ","Lot sold ","Lot sold ","Lot sold ","Lot sold ","Lot sold ","Lot sold "
"STR_SMP_00860","Продан лот: ","Lot sold: ","Lot sold: ","Lot sold: ","Продан лот: ","Lot sold: ","Lot sold: ","Lot sold: ","Lot sold: ","Lot sold: ","Lot sold: ","Lot sold: ","Lot sold: ","Lot sold: "
"STR_SMP_00861","Проживите 12 часов за одну жизнь","Live 12 hours in one life","Live 12 hours in one life","Live 12 hours in one life","Проживите 12 часов за одну жизнь","Live 12 hours in one life","Live 12 hours in one life","Live 12 hours in one life","Live 12 hours in one life","Live 12 hours in one life","Live 12 hours in one life","Live 12 hours in one life","Live 12 hours in one life","Live 12 hours in one life"
"STR_SMP_00862","Проживите 2 часа за одну жизнь","Live 2 hours in one life","Live 2 hours in one life","Live 2 hours in one life","Проживите 2 часа за одну жизнь","Live 2 hours in one life","Live 2 hours in one life","Live 2 hours in one life","Live 2 hours in one life","Live 2 hours in one life","Live 2 hours in one life","Live 2 hours in one life","Live 2 hours in one life","Live 2 hours in one life"
"STR_SMP_00863","Проживите 30 минут за одну жизнь","Live 30 minutes in one life","Live 30 minutes in one life","Live 30 minutes in one life","Проживите 30 минут за одну жизнь","Live 30 minutes in one life","Live 30 minutes in one life","Live 30 minutes in one life","Live 30 minutes in one life","Live 30 minutes in one life","Live 30 minutes in one life","Live 30 minutes in one life","Live 30 minutes in one life","Live 30 minutes in one life"
"STR_SMP_00864","Проживите 6 часов за одну жизнь","Live 6 hours in one life","Live 6 hours in one life","Live 6 hours in one life","Проживите 6 часов за одну жизнь","Live 6 hours in one life","Live 6 hours in one life","Live 6 hours in one life","Live 6 hours in one life","Live 6 hours in one life","Live 6 hours in one life","Live 6 hours in one life","Live 6 hours in one life","Live 6 hours in one life"
"STR_SMP_00865","Прозрачность HUD","HUD transparency","HUD transparency","HUD transparency","Прозрачность HUD","HUD transparency","HUD transparency","HUD transparency","HUD transparency","HUD transparency","HUD transparency","HUD transparency","HUD transparency","HUD transparency"
"STR_SMP_00866","Прозрачность чата","Chat transparency","Chat transparency","Chat transparency","Прозрачность чата","Chat transparency","Chat transparency","Chat transparency","Chat transparency","Chat transparency","Chat transparency","Chat transparency","Chat transparency","Chat transparency"
"STR_SMP_00867","Пройдено пешком","Distance walked","Distance walked","Distance walked","Пройдено пешком","Distance walked","Distance walked","Distance walked","Distance walked","Distance walked","Distance walked","Distance walked","Distance walked","Distance walked"
"STR_SMP_00868","Пройдите 1 км пешком","Walk 1 km","Walk 1 km","Walk 1 km","Пройдите 1 км пешком","Walk 1 km","Walk 1 km","Walk 1 km","Walk 1 km","Walk 1 km","Walk 1 km","Walk 1 km","Walk 1 km","Walk 1 km"
"STR_SMP_00869","Пройдите 10 км пешком","Walk 10 km","Walk 10 km","Walk 10 km","Пройдите 10 км пешком","Walk 10 km","Walk 10 km","Walk 10 km","Walk 10 km","Walk 10 km","Walk 10 km","Walk 10 km","Walk 10 km","Walk 10 km"
"STR_SMP_00870","Пройдите 25 км пешком","Walk 25 km","Walk 25 km","Walk 25 km","Пройдите 25 км пешком","Walk 25 km","Walk 25 km","Walk 25 km","Walk 25 km","Walk 25 km","Walk 25 km","Walk 25 km","Walk 25 km","Walk 25 km"
"STR_SMP_00871","Пройдите 5 км пешком","Walk 5 km","Walk 5 km","Walk 5 km","Пройдите 5 км пешком","Walk 5 km","Walk 5 km","Walk 5 km","Walk 5 km","Walk 5 km","Walk 5 km","Walk 5 km","Walk 5 km","Walk 5 km"
"STR_SMP_00872","Пройдите 50 км пешком","Walk 50 km","Walk 50 km","Walk 50 km","Пройдите 50 км пешком","Walk 50 km","Walk 50 km","Walk 50 km","Walk 50 km","Walk 50 km","Walk 50 km","Walk 50 km","Walk 50 km","Walk 50 km"
"STR_SMP_00873","Прокачать до ур. ","Upgrade to level. ","Upgrade to level. ","Upgrade to level. ","Прокачать до ур. ","Upgrade to level. ","Upgrade to level. ","Upgrade to level. ","Upgrade to level. ","Upgrade to level. ","Upgrade to level. ","Upgrade to level. ","Upgrade to level. ","Upgrade to level. "
"STR_SMP_00874","Прокачать клан","Upgrade your clan","Upgrade your clan","Upgrade your clan","Прокачать клан","Upgrade your clan","Upgrade your clan","Upgrade your clan","Upgrade your clan","Upgrade your clan","Upgrade your clan","Upgrade your clan","Upgrade your clan","Upgrade your clan"
"STR_SMP_00875","Прокачивать клан","Upgrade your clan","Upgrade your clan","Upgrade your clan","Прокачивать клан","Upgrade your clan","Upgrade your clan","Upgrade your clan","Upgrade your clan","Upgrade your clan","Upgrade your clan","Upgrade your clan","Upgrade your clan","Upgrade your clan"
"STR_SMP_00876","Просрочен","Expired","Expired","Expired","Просрочен","Expired","Expired","Expired","Expired","Expired","Expired","Expired","Expired","Expired"
"STR_SMP_00877","Прямой","Direct","Direct","Direct","Прямой","Direct","Direct","Direct","Direct","Direct","Direct","Direct","Direct","Direct"
"STR_SMP_00878","Путник","Traveler","Traveler","Traveler","Путник","Traveler","Traveler","Traveler","Traveler","Traveler","Traveler","Traveler","Traveler","Traveler"
"STR_SMP_00879","Развитие","Development","Development","Development","Развитие","Development","Development","Development","Development","Development","Development","Development","Development","Development"
"STR_SMP_00880","Размутить","stir up","stir up","stir up","Размутить","stir up","stir up","stir up","stir up","stir up","stir up","stir up","stir up","stir up"
"STR_SMP_00881","Разогрев ствола","Warming up the barrel","Warming up the barrel","Warming up the barrel","Разогрев ствола","Warming up the barrel","Warming up the barrel","Warming up the barrel","Warming up the barrel","Warming up the barrel","Warming up the barrel","Warming up the barrel","Warming up the barrel","Warming up the barrel"
"STR_SMP_00882","Ранг","Rank","Rank","Rank","Ранг","Rank","Rank","Rank","Rank","Rank","Rank","Rank","Rank","Rank"
"STR_SMP_00883","Ранг изменён: ","Rank changed: ","Rank changed: ","Rank changed: ","Ранг изменён: ","Rank changed: ","Rank changed: ","Rank changed: ","Rank changed: ","Rank changed: ","Rank changed: ","Rank changed: ","Rank changed: ","Rank changed: "
"STR_SMP_00884","Распродано","Sold out","Sold out","Sold out","Распродано","Sold out","Sold out","Sold out","Sold out","Sold out","Sold out","Sold out","Sold out","Sold out"
"STR_SMP_00885","Распустить","Dissolve","Dissolve","Dissolve","Распустить","Dissolve","Dissolve","Dissolve","Dissolve","Dissolve","Dissolve","Dissolve","Dissolve","Dissolve"
"STR_SMP_00886","Распустить клан","Disband the clan","Disband the clan","Disband the clan","Распустить клан","Disband the clan","Disband the clan","Disband the clan","Disband the clan","Disband the clan","Disband the clan","Disband the clan","Disband the clan","Disband the clan"
"STR_SMP_00887","Распустить клан?","Disband the clan?","Disband the clan?","Disband the clan?","Распустить клан?","Disband the clan?","Disband the clan?","Disband the clan?","Disband the clan?","Disband the clan?","Disband the clan?","Disband the clan?","Disband the clan?","Disband the clan?"
"STR_SMP_00888","Рация","Radio","Radio","Radio","Рация","Radio","Radio","Radio","Radio","Radio","Radio","Radio","Radio","Radio"
"STR_SMP_00889","Регистрация базы","Database registration","Database registration","Database registration","Регистрация базы","Database registration","Database registration","Database registration","Database registration","Database registration","Database registration","Database registration","Database registration","Database registration"
"STR_SMP_00890","Решать по заявкам","Decide on requests","Decide on requests","Decide on requests","Решать по заявкам","Decide on requests","Decide on requests","Decide on requests","Decide on requests","Decide on requests","Decide on requests","Decide on requests","Decide on requests","Decide on requests"
"STR_SMP_00891","Рынок","Market","Market","Market","Рынок","Market","Market","Market","Market","Market","Market","Market","Market","Market"
"STR_SMP_00892","Рынок кланов","Clan Market","Clan Market","Clan Market","Рынок кланов","Clan Market","Clan Market","Clan Market","Clan Market","Clan Market","Clan Market","Clan Market","Clan Market","Clan Market"
"STR_SMP_00893","Рынок: продан ","Market: sold ","Market: sold ","Market: sold ","Рынок: продан ","Market: sold ","Market: sold ","Market: sold ","Market: sold ","Market: sold ","Market: sold ","Market: sold ","Market: sold ","Market: sold "
"STR_SMP_00894","Рядом","Nearby","Nearby","Nearby","Рядом","Nearby","Nearby","Nearby","Nearby","Nearby","Nearby","Nearby","Nearby","Nearby"
"STR_SMP_00895","С","N","N","N","С","N","N","N","N","N","N","N","N","N"
"STR_SMP_00896","Самая долгая жизнь без смерти среди участников клана (учитывается время в игре).","The longest life without death among clan members (time in the game is taken into account).","The longest life without death among clan members (time in the game is taken into account).","The longest life without death among clan members (time in the game is taken into account).","Самая долгая жизнь без смерти среди участников клана (учитывается время в игре).","The longest life without death among clan members (time in the game is taken into account).","The longest life without death among clan members (time in the game is taken into account).","The longest life without death among clan members (time in the game is taken into account).","The longest life without death among clan members (time in the game is taken into account).","The longest life without death among clan members (time in the game is taken into account).","The longest life without death among clan members (time in the game is taken into account).","The longest life without death among clan members (time in the game is taken into account).","The longest life without death among clan members (time in the game is taken into account).","The longest life without death among clan members (time in the game is taken into account)."
"STR_SMP_00897","Санитар улиц","Street orderly","Street orderly","Street orderly","Санитар улиц","Street orderly","Street orderly","Street orderly","Street orderly","Street orderly","Street orderly","Street orderly","Street orderly","Street orderly"
"STR_SMP_00898","СВ","NE","NE","NE","СВ","NE","NE","NE","NE","NE","NE","NE","NE","NE"
"STR_SMP_00899","Сдать","Hand over","Hand over","Hand over","Сдать","Hand over","Hand over","Hand over","Hand over","Hand over","Hand over","Hand over","Hand over","Hand over"
"STR_SMP_00900","Сделайте 10 попаданий в голову","Get 10 headshots","Get 10 headshots","Get 10 headshots","Сделайте 10 попаданий в голову","Get 10 headshots","Get 10 headshots","Get 10 headshots","Get 10 headshots","Get 10 headshots","Get 10 headshots","Get 10 headshots","Get 10 headshots","Get 10 headshots"
"STR_SMP_00901","Сделайте 100 выстрелов","Fire 100 shots","Fire 100 shots","Fire 100 shots","Сделайте 100 выстрелов","Fire 100 shots","Fire 100 shots","Fire 100 shots","Fire 100 shots","Fire 100 shots","Fire 100 shots","Fire 100 shots","Fire 100 shots","Fire 100 shots"
"STR_SMP_00902","Сделайте 1000 выстрелов","Fire 1000 shots","Fire 1000 shots","Fire 1000 shots","Сделайте 1000 выстрелов","Fire 1000 shots","Fire 1000 shots","Fire 1000 shots","Fire 1000 shots","Fire 1000 shots","Fire 1000 shots","Fire 1000 shots","Fire 1000 shots","Fire 1000 shots"
"STR_SMP_00903","Сделайте 150 попаданий в голову","Get 150 headshots","Get 150 headshots","Get 150 headshots","Сделайте 150 попаданий в голову","Get 150 headshots","Get 150 headshots","Get 150 headshots","Get 150 headshots","Get 150 headshots","Get 150 headshots","Get 150 headshots","Get 150 headshots","Get 150 headshots"
"STR_SMP_00904","Сделайте 50 попаданий в голову","Get 50 headshots","Get 50 headshots","Get 50 headshots","Сделайте 50 попаданий в голову","Get 50 headshots","Get 50 headshots","Get 50 headshots","Get 50 headshots","Get 50 headshots","Get 50 headshots","Get 50 headshots","Get 50 headshots","Get 50 headshots"
"STR_SMP_00905","Сделайте 500 выстрелов","Fire 500 shots","Fire 500 shots","Fire 500 shots","Сделайте 500 выстрелов","Fire 500 shots","Fire 500 shots","Fire 500 shots","Fire 500 shots","Fire 500 shots","Fire 500 shots","Fire 500 shots","Fire 500 shots","Fire 500 shots"
"STR_SMP_00906","Сделать базой клана","Make it a clan base","Make it a clan base","Make it a clan base","Сделать базой клана","Make it a clan base","Make it a clan base","Make it a clan base","Make it a clan base","Make it a clan base","Make it a clan base","Make it a clan base","Make it a clan base","Make it a clan base"
"STR_SMP_00907","Сделать ставку","Place a bet","Place a bet","Place a bet","Сделать ставку","Place a bet","Place a bet","Place a bet","Place a bet","Place a bet","Place a bet","Place a bet","Place a bet","Place a bet"
"STR_SMP_00908","Сезон топов завершён, статистика сброшена","The top season is over, the statistics are reset","The top season is over, the statistics are reset","The top season is over, the statistics are reset","Сезон топов завершён, статистика сброшена","The top season is over, the statistics are reset","The top season is over, the statistics are reset","The top season is over, the statistics are reset","The top season is over, the statistics are reset","The top season is over, the statistics are reset","The top season is over, the statistics are reset","The top season is over, the statistics are reset","The top season is over, the statistics are reset","The top season is over, the statistics are reset"
"STR_SMP_00909","Сервер","Server","Server","Server","Сервер","Server","Server","Server","Server","Server","Server","Server","Server","Server"
"STR_SMP_00910","Серверная метка","Server label","Server label","Server label","Серверная метка","Server label","Server label","Server label","Server label","Server label","Server label","Server label","Server label","Server label"
"STR_SMP_00911","Серверные","Server","Server","Server","Серверные","Server","Server","Server","Server","Server","Server","Server","Server","Server"
"STR_SMP_00912","Серверные метки задаёт админ · колесо — зум","Server tags are set by the admin; wheel - zoom","Server tags are set by the admin; wheel - zoom","Server tags are set by the admin; wheel - zoom","Серверные метки задаёт админ · колесо — зум","Server tags are set by the admin; wheel - zoom","Server tags are set by the admin; wheel - zoom","Server tags are set by the admin; wheel - zoom","Server tags are set by the admin; wheel - zoom","Server tags are set by the admin; wheel - zoom","Server tags are set by the admin; wheel - zoom","Server tags are set by the admin; wheel - zoom","Server tags are set by the admin; wheel - zoom","Server tags are set by the admin; wheel - zoom"
"STR_SMP_00913","Серверный маркет","Server Market","Server Market","Server Market","Серверный маркет","Server Market","Server Market","Server Market","Server Market","Server Market","Server Market","Server Market","Server Market","Server Market"
"STR_SMP_00914","СЗ","NW","NW","NW","СЗ","NW","NW","NW","NW","NW","NW","NW","NW","NW"
"STR_SMP_00915","Сила клана","Clan Strength","Clan Strength","Clan Strength","Сила клана","Clan Strength","Clan Strength","Clan Strength","Clan Strength","Clan Strength","Clan Strength","Clan Strength","Clan Strength","Clan Strength"
"STR_SMP_00916","СИСТЕМА","System","System","System","СИСТЕМА","System","System","System","System","System","System","System","System","System"
"STR_SMP_00917","Система","System","System","System","Система","System","System","System","System","System","System","System","System","System"
"STR_SMP_00918","Система контрактов выключена на сервере.","The contract system is disabled on the server.","The contract system is disabled on the server.","The contract system is disabled on the server.","Система контрактов выключена на сервере.","The contract system is disabled on the server.","The contract system is disabled on the server.","The contract system is disabled on the server.","The contract system is disabled on the server.","The contract system is disabled on the server.","The contract system is disabled on the server.","The contract system is disabled on the server.","The contract system is disabled on the server.","The contract system is disabled on the server."
"STR_SMP_00919","Склад","Storage","Storage","Storage","Склад","Storage","Storage","Storage","Storage","Storage","Storage","Storage","Storage","Storage"
"STR_SMP_00920","Склад заблокирован: у клана нет базы. Подойдите к своему флагштоку и выберите действие «Сделать базой клана».","The storage is blocked: the clan has no base. Go to your flagpole and select the “Make clan base” action.","The storage is blocked: the clan has no base. Go to your flagpole and select the “Make clan base” action.","The storage is blocked: the clan has no base. Go to your flagpole and select the “Make clan base” action.","Склад заблокирован: у клана нет базы. Подойдите к своему флагштоку и выберите действие «Сделать базой клана».","The storage is blocked: the clan has no base. Go to your flagpole and select the “Make clan base” action.","The storage is blocked: the clan has no base. Go to your flagpole and select the “Make clan base” action.","The storage is blocked: the clan has no base. Go to your flagpole and select the “Make clan base” action.","The storage is blocked: the clan has no base. Go to your flagpole and select the “Make clan base” action.","The storage is blocked: the clan has no base. Go to your flagpole and select the “Make clan base” action.","The storage is blocked: the clan has no base. Go to your flagpole and select the “Make clan base” action.","The storage is blocked: the clan has no base. Go to your flagpole and select the “Make clan base” action.","The storage is blocked: the clan has no base. Go to your flagpole and select the “Make clan base” action.","The storage is blocked: the clan has no base. Go to your flagpole and select the “Make clan base” action."
"STR_SMP_00921","Склад заполнен (","The storage is full (","The storage is full (","The storage is full (","Склад заполнен (","The storage is full (","The storage is full (","The storage is full (","The storage is full (","The storage is full (","The storage is full (","The storage is full (","The storage is full (","The storage is full ("
"STR_SMP_00922","Склад и выставленные на рынок лоты вернутся участникам.","The storage and the lots put on the market will be returned to the participants.","The storage and the lots put on the market will be returned to the participants.","The storage and the lots put on the market will be returned to the participants.","Склад и выставленные на рынок лоты вернутся участникам.","The storage and the lots put on the market will be returned to the participants.","The storage and the lots put on the market will be returned to the participants.","The storage and the lots put on the market will be returned to the participants.","The storage and the lots put on the market will be returned to the participants.","The storage and the lots put on the market will be returned to the participants.","The storage and the lots put on the market will be returned to the participants.","The storage and the lots put on the market will be returned to the participants.","The storage and the lots put on the market will be returned to the participants.","The storage and the lots put on the market will be returned to the participants."
"STR_SMP_00923","Склад клана","Clan Storage","Clan Storage","Clan Storage","Склад клана","Clan Storage","Clan Storage","Clan Storage","Clan Storage","Clan Storage","Clan Storage","Clan Storage","Clan Storage","Clan Storage"
"STR_SMP_00924","Склад клана - ничего не найдено (","Clan storage - nothing found (","Clan storage - nothing found (","Clan storage - nothing found (","Склад клана - ничего не найдено (","Clan storage - nothing found (","Clan storage - nothing found (","Clan storage - nothing found (","Clan storage - nothing found (","Clan storage - nothing found (","Clan storage - nothing found (","Clan storage - nothing found (","Clan storage - nothing found (","Clan storage - nothing found ("
"STR_SMP_00925","Склад клана (","Clan Storage (","Clan Storage (","Clan Storage (","Склад клана (","Clan Storage (","Clan Storage (","Clan Storage (","Clan Storage (","Clan Storage (","Clan Storage (","Clan Storage (","Clan Storage (","Clan Storage ("
"STR_SMP_00926","Склад клана пуст (","The clan storage is empty (","The clan storage is empty (","The clan storage is empty (","Склад клана пуст (","The clan storage is empty (","The clan storage is empty (","The clan storage is empty (","The clan storage is empty (","The clan storage is empty (","The clan storage is empty (","The clan storage is empty (","The clan storage is empty (","The clan storage is empty ("
"STR_SMP_00927","Складской порядок","Storage order","Storage order","Storage order","Складской порядок","Storage order","Storage order","Storage order","Storage order","Storage order","Storage order","Storage order","Storage order","Storage order"
"STR_SMP_00928","Скрыт","Hidden","Hidden","Hidden","Скрыт","Hidden","Hidden","Hidden","Hidden","Hidden","Hidden","Hidden","Hidden","Hidden"
"STR_SMP_00929","Скрытое достижение","Hidden Achievement","Hidden Achievement","Hidden Achievement","Скрытое достижение","Hidden Achievement","Hidden Achievement","Hidden Achievement","Hidden Achievement","Hidden Achievement","Hidden Achievement","Hidden Achievement","Hidden Achievement","Hidden Achievement"
"STR_SMP_00930","Скрыть 3D","Hide 3D","Hide 3D","Hide 3D","Скрыть 3D","Hide 3D","Hide 3D","Hide 3D","Hide 3D","Hide 3D","Hide 3D","Hide 3D","Hide 3D","Hide 3D"
"STR_SMP_00931","Слаженный огонь","Coordinated fire","Coordinated fire","Coordinated fire","Слаженный огонь","Coordinated fire","Coordinated fire","Coordinated fire","Coordinated fire","Coordinated fire","Coordinated fire","Coordinated fire","Coordinated fire","Coordinated fire"
"STR_SMP_00932","Следопыт","Pathfinder","Pathfinder","Pathfinder","Следопыт","Pathfinder","Pathfinder","Pathfinder","Pathfinder","Pathfinder","Pathfinder","Pathfinder","Pathfinder","Pathfinder"
"STR_SMP_00933","Слот ","Slot ","Slot ","Slot ","Слот ","Slot ","Slot ","Slot ","Slot ","Slot ","Slot ","Slot ","Slot ","Slot "
"STR_SMP_00934","Слот доступен с уровня клана ","Slot available from clan level ","Slot available from clan level ","Slot available from clan level ","Слот доступен с уровня клана ","Slot available from clan level ","Slot available from clan level ","Slot available from clan level ","Slot available from clan level ","Slot available from clan level ","Slot available from clan level ","Slot available from clan level ","Slot available from clan level ","Slot available from clan level "
"STR_SMP_00935","Слот закрыт настройками сервера.","The slot is closed by server settings.","The slot is closed by server settings.","The slot is closed by server settings.","Слот закрыт настройками сервера.","The slot is closed by server settings.","The slot is closed by server settings.","The slot is closed by server settings.","The slot is closed by server settings.","The slot is closed by server settings.","The slot is closed by server settings.","The slot is closed by server settings.","The slot is closed by server settings.","The slot is closed by server settings."
"STR_SMP_00936","Слот закрыт сервером","Slot closed by server","Slot closed by server","Slot closed by server","Слот закрыт сервером","Slot closed by server","Slot closed by server","Slot closed by server","Slot closed by server","Slot closed by server","Slot closed by server","Slot closed by server","Slot closed by server","Slot closed by server"
"STR_SMP_00937","Смена лидера","Change of leader","Change of leader","Change of leader","Смена лидера","Change of leader","Change of leader","Change of leader","Change of leader","Change of leader","Change of leader","Change of leader","Change of leader","Change of leader"
"STR_SMP_00938","Сменить цвет","Change color","Change color","Change color","Сменить цвет","Change color","Change color","Change color","Change color","Change color","Change color","Change color","Change color","Change color"
"STR_SMP_00939","Смещение HUD X","HUD X Offset","HUD X Offset","HUD X Offset","Смещение HUD X","HUD X Offset","HUD X Offset","HUD X Offset","HUD X Offset","HUD X Offset","HUD X Offset","HUD X Offset","HUD X Offset","HUD X Offset"
"STR_SMP_00940","Смещение HUD Y","HUD Y Offset","HUD Y Offset","HUD Y Offset","Смещение HUD Y","HUD Y Offset","HUD Y Offset","HUD Y Offset","HUD Y Offset","HUD Y Offset","HUD Y Offset","HUD Y Offset","HUD Y Offset","HUD Y Offset"
"STR_SMP_00941","Смещение чата X","Chat offset X","Chat offset X","Chat offset X","Смещение чата X","Chat offset X","Chat offset X","Chat offset X","Chat offset X","Chat offset X","Chat offset X","Chat offset X","Chat offset X","Chat offset X"
"STR_SMP_00942","Смещение чата Y","Chat offset Y","Chat offset Y","Chat offset Y","Смещение чата Y","Chat offset Y","Chat offset Y","Chat offset Y","Chat offset Y","Chat offset Y","Chat offset Y","Chat offset Y","Chat offset Y","Chat offset Y"
"STR_SMP_00943","Смотрит карту","Viewing map","Viewing map","Viewing map","Смотрит карту","Viewing map","Viewing map","Viewing map","Viewing map","Viewing map","Viewing map","Viewing map","Viewing map","Viewing map"
"STR_SMP_00944","Снайперская привычка","Sniper habit","Sniper habit","Sniper habit","Снайперская привычка","Sniper habit","Sniper habit","Sniper habit","Sniper habit","Sniper habit","Sniper habit","Sniper habit","Sniper habit","Sniper habit"
"STR_SMP_00945","Снайперский клан","Sniper clan","Sniper clan","Sniper clan","Снайперский клан","Sniper clan","Sniper clan","Sniper clan","Sniper clan","Sniper clan","Sniper clan","Sniper clan","Sniper clan","Sniper clan"
"STR_SMP_00946","Сначала выберите точку двойным кликом","First select a point by double clicking","First select a point by double clicking","First select a point by double clicking","Сначала выберите точку двойным кликом","First select a point by double clicking","First select a point by double clicking","First select a point by double clicking","First select a point by double clicking","First select a point by double clicking","First select a point by double clicking","First select a point by double clicking","First select a point by double clicking","First select a point by double clicking"
"STR_SMP_00947","Сначала выйдите из админ-режима","First, log out of admin mode","First, log out of admin mode","First, log out of admin mode","Сначала выйдите из админ-режима","First, log out of admin mode","First, log out of admin mode","First, log out of admin mode","First, log out of admin mode","First, log out of admin mode","First, log out of admin mode","First, log out of admin mode","First, log out of admin mode","First, log out of admin mode"
"STR_SMP_00948","Сначала отвяжите текущую базу клана","First, unlink the current clan base","First, unlink the current clan base","First, unlink the current clan base","Сначала отвяжите текущую базу клана","First, unlink the current clan base","First, unlink the current clan base","First, unlink the current clan base","First, unlink the current clan base","First, unlink the current clan base","First, unlink the current clan base","First, unlink the current clan base","First, unlink the current clan base","First, unlink the current clan base"
"STR_SMP_00949","Сначала сохраните webhook клана","First save the clan webhook","First save the clan webhook","First save the clan webhook","Сначала сохраните webhook клана","First save the clan webhook","First save the clan webhook","First save the clan webhook","First save the clan webhook","First save the clan webhook","First save the clan webhook","First save the clan webhook","First save the clan webhook","First save the clan webhook"
"STR_SMP_00950","Сначала установите флаг и поднимите его до конца","Set the flag first and raise it all the way","Set the flag first and raise it all the way","Set the flag first and raise it all the way","Сначала установите флаг и поднимите его до конца","Set the flag first and raise it all the way","Set the flag first and raise it all the way","Set the flag first and raise it all the way","Set the flag first and raise it all the way","Set the flag first and raise it all the way","Set the flag first and raise it all the way","Set the flag first and raise it all the way","Set the flag first and raise it all the way","Set the flag first and raise it all the way"
"STR_SMP_00951","Снимать из казны","Withdraw from the treasury","Withdraw from the treasury","Withdraw from the treasury","Снимать из казны","Withdraw from the treasury","Withdraw from the treasury","Withdraw from the treasury","Withdraw from the treasury","Withdraw from the treasury","Withdraw from the treasury","Withdraw from the treasury","Withdraw from the treasury","Withdraw from the treasury"
"STR_SMP_00952","Снятие","Removal","Removal","Removal","Снятие","Removal","Removal","Removal","Removal","Removal","Removal","Removal","Removal","Removal"
"STR_SMP_00953","Снять","Remove","Remove","Remove","Снять","Remove","Remove","Remove","Remove","Remove","Remove","Remove","Remove","Remove"
"STR_SMP_00954","Снять из казны (деньги):","Withdraw from the treasury (money):","Withdraw from the treasury (money):","Withdraw from the treasury (money):","Снять из казны (деньги):","Withdraw from the treasury (money):","Withdraw from the treasury (money):","Withdraw from the treasury (money):","Withdraw from the treasury (money):","Withdraw from the treasury (money):","Withdraw from the treasury (money):","Withdraw from the treasury (money):","Withdraw from the treasury (money):","Withdraw from the treasury (money):"
"STR_SMP_00955","Снять лот","Remove lot","Remove lot","Remove lot","Снять лот","Remove lot","Remove lot","Remove lot","Remove lot","Remove lot","Remove lot","Remove lot","Remove lot","Remove lot"
"STR_SMP_00956","Снять лот может только продавец","Only the seller can remove the lot","Only the seller can remove the lot","Only the seller can remove the lot","Снять лот может только продавец","Only the seller can remove the lot","Only the seller can remove the lot","Only the seller can remove the lot","Only the seller can remove the lot","Only the seller can remove the lot","Only the seller can remove the lot","Only the seller can remove the lot","Only the seller can remove the lot","Only the seller can remove the lot"
"STR_SMP_00957","Снять лот может только хозяин лота","Only the owner of the lot can remove the lot","Only the owner of the lot can remove the lot","Only the owner of the lot can remove the lot","Снять лот может только хозяин лота","Only the owner of the lot can remove the lot","Only the owner of the lot can remove the lot","Only the owner of the lot can remove the lot","Only the owner of the lot can remove the lot","Only the owner of the lot can remove the lot","Only the owner of the lot can remove the lot","Only the owner of the lot can remove the lot","Only the owner of the lot can remove the lot","Only the owner of the lot can remove the lot"
"STR_SMP_00958","Собранная группа","Assembled group","Assembled group","Assembled group","Собранная группа","Assembled group","Assembled group","Assembled group","Assembled group","Assembled group","Assembled group","Assembled group","Assembled group","Assembled group"
"STR_SMP_00959","Содержимое склада видно везде, но брать и класть можно только рядом с флагштоком базы клана.","The contents of the storage are visible everywhere, but they can only be taken and placed next to the flagpole of the clan base.","The contents of the storage are visible everywhere, but they can only be taken and placed next to the flagpole of the clan base.","The contents of the storage are visible everywhere, but they can only be taken and placed next to the flagpole of the clan base.","Содержимое склада видно везде, но брать и класть можно только рядом с флагштоком базы клана.","The contents of the storage are visible everywhere, but they can only be taken and placed next to the flagpole of the clan base.","The contents of the storage are visible everywhere, but they can only be taken and placed next to the flagpole of the clan base.","The contents of the storage are visible everywhere, but they can only be taken and placed next to the flagpole of the clan base.","The contents of the storage are visible everywhere, but they can only be taken and placed next to the flagpole of the clan base.","The contents of the storage are visible everywhere, but they can only be taken and placed next to the flagpole of the clan base.","The contents of the storage are visible everywhere, but they can only be taken and placed next to the flagpole of the clan base.","The contents of the storage are visible everywhere, but they can only be taken and placed next to the flagpole of the clan base.","The contents of the storage are visible everywhere, but they can only be taken and placed next to the flagpole of the clan base.","The contents of the storage are visible everywhere, but they can only be taken and placed next to the flagpole of the clan base."
"STR_SMP_00960","Создайте клан","Create a clan","Create a clan","Create a clan","Создайте клан","Create a clan","Create a clan","Create a clan","Create a clan","Create a clan","Create a clan","Create a clan","Create a clan","Create a clan"
"STR_SMP_00961","Создание доступно со звания: ","Creation is available from the title: ","Creation is available from the title: ","Creation is available from the title: ","Создание доступно со звания: ","Creation is available from the title: ","Creation is available from the title: ","Creation is available from the title: ","Creation is available from the title: ","Creation is available from the title: ","Creation is available from the title: ","Creation is available from the title: ","Creation is available from the title: ","Creation is available from the title: "
"STR_SMP_00962","Создать","Create","Create","Create","Создать","Create","Create","Create","Create","Create","Create","Create","Create","Create"
"STR_SMP_00963","Создать клан","Create a clan","Create a clan","Create a clan","Создать клан","Create a clan","Create a clan","Create a clan","Create a clan","Create a clan","Create a clan","Create a clan","Create a clan","Create a clan"
"STR_SMP_00964","Сообщение","Message","Message","Message","Сообщение","Message","Message","Message","Message","Message","Message","Message","Message","Message"
"STR_SMP_00965","Состав","Composition","Composition","Composition","Состав","Composition","Composition","Composition","Composition","Composition","Composition","Composition","Composition","Composition"
"STR_SMP_00966","Состав:","Composition:","Composition:","Composition:","Состав:","Composition:","Composition:","Composition:","Composition:","Composition:","Composition:","Composition:","Composition:","Composition:"
"STR_SMP_00967","Сохранить","Save","Save","Save","Сохранить","Save","Save","Save","Save","Save","Save","Save","Save","Save"
"STR_SMP_00968","Стабильная точность","Stable accuracy","Stable accuracy","Stable accuracy","Стабильная точность","Stable accuracy","Stable accuracy","Stable accuracy","Stable accuracy","Stable accuracy","Stable accuracy","Stable accuracy","Stable accuracy","Stable accuracy"
"STR_SMP_00969","Ставка","Rate","Rate","Rate","Ставка","Rate","Rate","Rate","Rate","Rate","Rate","Rate","Rate","Rate"
"STR_SMP_00970","Ставка принята: ","Bid accepted: ","Bid accepted: ","Bid accepted: ","Ставка принята: ","Bid accepted: ","Bid accepted: ","Bid accepted: ","Bid accepted: ","Bid accepted: ","Bid accepted: ","Bid accepted: ","Bid accepted: ","Bid accepted: "
"STR_SMP_00971","Сталкер","Stalker","Stalker","Stalker","Сталкер","Stalker","Stalker","Stalker","Stalker","Stalker","Stalker","Stalker","Stalker","Stalker"
"STR_SMP_00972","Старт","Start","Start","Start","Старт","Start","Start","Start","Start","Start","Start","Start","Start","Start"
"STR_SMP_00973","Старт:","Start:","Start:","Start:","Старт:","Start:","Start:","Start:","Start:","Start:","Start:","Start:","Start:","Start:"
"STR_SMP_00974","Старт: ","Start: ","Start: ","Start: ","Старт: ","Start: ","Start: ","Start: ","Start: ","Start: ","Start: ","Start: ","Start: ","Start: "
"STR_SMP_00975","Стартовая цена: от 1 до ","Starting price: from 1 to ","Starting price: from 1 to ","Starting price: from 1 to ","Стартовая цена: от 1 до ","Starting price: from 1 to ","Starting price: from 1 to ","Starting price: from 1 to ","Starting price: from 1 to ","Starting price: from 1 to ","Starting price: from 1 to ","Starting price: from 1 to ","Starting price: from 1 to ","Starting price: from 1 to "
"STR_SMP_00976","Старый флагшток базы не найден. База будет перепривязана","The base's old flagpole was not found. The database will be relinked","The base's old flagpole was not found. The database will be relinked","The base's old flagpole was not found. The database will be relinked","Старый флагшток базы не найден. База будет перепривязана","The base's old flagpole was not found. The database will be relinked","The base's old flagpole was not found. The database will be relinked","The base's old flagpole was not found. The database will be relinked","The base's old flagpole was not found. The database will be relinked","The base's old flagpole was not found. The database will be relinked","The base's old flagpole was not found. The database will be relinked","The base's old flagpole was not found. The database will be relinked","The base's old flagpole was not found. The database will be relinked","The base's old flagpole was not found. The database will be relinked"
"STR_SMP_00977","Статус","Status","Status","Status","Статус","Status","Status","Status","Status","Status","Status","Status","Status","Status"
"STR_SMP_00978","Стрелок","Shooter","Shooter","Shooter","Стрелок","Shooter","Shooter","Shooter","Shooter","Shooter","Shooter","Shooter","Shooter","Shooter"
"STR_SMP_00979","Строк чата","Chat lines","Chat lines","Chat lines","Строк чата","Chat lines","Chat lines","Chat lines","Chat lines","Chat lines","Chat lines","Chat lines","Chat lines","Chat lines"
"STR_SMP_00980","Сутки в Черноруси","One day in Chernarus","One day in Chernarus","One day in Chernarus","Сутки в Черноруси","One day in Chernarus","One day in Chernarus","One day in Chernarus","One day in Chernarus","One day in Chernarus","One day in Chernarus","One day in Chernarus","One day in Chernarus","One day in Chernarus"
"STR_SMP_00981","Считается только расстояние, пройденное пешком (не в транспорте).","Only the distance traveled on foot (not in transport) is counted.","Only the distance traveled on foot (not in transport) is counted.","Only the distance traveled on foot (not in transport) is counted.","Считается только расстояние, пройденное пешком (не в транспорте).","Only the distance traveled on foot (not in transport) is counted.","Only the distance traveled on foot (not in transport) is counted.","Only the distance traveled on foot (not in transport) is counted.","Only the distance traveled on foot (not in transport) is counted.","Only the distance traveled on foot (not in transport) is counted.","Only the distance traveled on foot (not in transport) is counted.","Only the distance traveled on foot (not in transport) is counted.","Only the distance traveled on foot (not in transport) is counted.","Only the distance traveled on foot (not in transport) is counted."
"STR_SMP_00982","Таймстампы","Timestamps","Timestamps","Timestamps","Таймстампы","Timestamps","Timestamps","Timestamps","Timestamps","Timestamps","Timestamps","Timestamps","Timestamps","Timestamps"
"STR_SMP_00983","Тактический бекон","Tactical bacon","Tactical bacon","Tactical bacon","Тактический бекон","Tactical bacon","Tactical bacon","Tactical bacon","Tactical bacon","Tactical bacon","Tactical bacon","Tactical bacon","Tactical bacon","Tactical bacon"
"STR_SMP_00984","Тег","Tag","Tag","Tag","Тег","Tag","Tag","Tag","Tag","Tag","Tag","Tag","Tag","Tag"
"STR_SMP_00985","Тег (англ. буквы и цифры):","Tag (English letters and numbers):","Tag (English letters and numbers):","Tag (English letters and numbers):","Тег (англ. буквы и цифры):","Tag (English letters and numbers):","Tag (English letters and numbers):","Tag (English letters and numbers):","Tag (English letters and numbers):","Tag (English letters and numbers):","Tag (English letters and numbers):","Tag (English letters and numbers):","Tag (English letters and numbers):","Tag (English letters and numbers):"
"STR_SMP_00986","Тег: максимум ","Tag: maximum ","Tag: maximum ","Tag: maximum ","Тег: максимум ","Tag: maximum ","Tag: maximum ","Tag: maximum ","Tag: maximum ","Tag: maximum ","Tag: maximum ","Tag: maximum ","Tag: maximum ","Tag: maximum "
"STR_SMP_00987","Тег: только английские буквы и цифры","Tag: only English letters and numbers","Tag: only English letters and numbers","Tag: only English letters and numbers","Тег: только английские буквы и цифры","Tag: only English letters and numbers","Tag: only English letters and numbers","Tag: only English letters and numbers","Tag: only English letters and numbers","Tag: only English letters and numbers","Tag: only English letters and numbers","Tag: only English letters and numbers","Tag: only English letters and numbers","Tag: only English letters and numbers"
"STR_SMP_00988","Тег: только английские буквы и цифры (A-Z, 0-9)!","Tag: only English letters and numbers (A-Z, 0-9)!","Tag: only English letters and numbers (A-Z, 0-9)!","Tag: only English letters and numbers (A-Z, 0-9)!","Тег: только английские буквы и цифры (A-Z, 0-9)!","Tag: only English letters and numbers (A-Z, 0-9)!","Tag: only English letters and numbers (A-Z, 0-9)!","Tag: only English letters and numbers (A-Z, 0-9)!","Tag: only English letters and numbers (A-Z, 0-9)!","Tag: only English letters and numbers (A-Z, 0-9)!","Tag: only English letters and numbers (A-Z, 0-9)!","Tag: only English letters and numbers (A-Z, 0-9)!","Tag: only English letters and numbers (A-Z, 0-9)!","Tag: only English letters and numbers (A-Z, 0-9)!"
"STR_SMP_00989","Текущий уровень: ","Current level: ","Current level: ","Current level: ","Текущий уровень: ","Current level: ","Current level: ","Current level: ","Current level: ","Current level: ","Current level: ","Current level: ","Current level: ","Current level: "
"STR_SMP_00990","Тест","Test","Test","Test","Тест","Test","Test","Test","Test","Test","Test","Test","Test","Test"
"STR_SMP_00991","Тест ","Test ","Test ","Test ","Тест ","Test ","Test ","Test ","Test ","Test ","Test ","Test ","Test ","Test "
"STR_SMP_00992","Тест webhook","webhook test","webhook test","webhook test","Тест webhook","webhook test","webhook test","webhook test","webhook test","webhook test","webhook test","webhook test","webhook test","webhook test"
"STR_SMP_00993","Тестовое сообщение отправлено","Test message sent","Test message sent","Test message sent","Тестовое сообщение отправлено","Test message sent","Test message sent","Test message sent","Test message sent","Test message sent","Test message sent","Test message sent","Test message sent","Test message sent"
"STR_SMP_00994","Тип","Type","Type","Type","Тип","Type","Type","Type","Type","Type","Type","Type","Type","Type"
"STR_SMP_00995","Товар не найден","Product not found","Product not found","Product not found","Товар не найден","Product not found","Product not found","Product not found","Product not found","Product not found","Product not found","Product not found","Product not found","Product not found"
"STR_SMP_00996","Товар распродан","Product sold out","Product sold out","Product sold out","Товар распродан","Product sold out","Product sold out","Product sold out","Product sold out","Product sold out","Product sold out","Product sold out","Product sold out","Product sold out"
"STR_SMP_00997","Товар сейчас резервируется другим игроком","The item is currently reserved by another player","The item is currently reserved by another player","The item is currently reserved by another player","Товар сейчас резервируется другим игроком","The item is currently reserved by another player","The item is currently reserved by another player","The item is currently reserved by another player","The item is currently reserved by another player","The item is currently reserved by another player","The item is currently reserved by another player","The item is currently reserved by another player","The item is currently reserved by another player","The item is currently reserved by another player"
"STR_SMP_00998","Только лидер может менять ранги","Only the leader can change ranks","Only the leader can change ranks","Only the leader can change ranks","Только лидер может менять ранги","Only the leader can change ranks","Only the leader can change ranks","Only the leader can change ranks","Only the leader can change ranks","Only the leader can change ranks","Only the leader can change ranks","Only the leader can change ranks","Only the leader can change ranks","Only the leader can change ranks"
"STR_SMP_00999","Только лидер может распустить клан","Only the leader can disband the clan","Only the leader can disband the clan","Only the leader can disband the clan","Только лидер может распустить клан","Only the leader can disband the clan","Only the leader can disband the clan","Only the leader can disband the clan","Only the leader can disband the clan","Only the leader can disband the clan","Only the leader can disband the clan","Only the leader can disband the clan","Only the leader can disband the clan","Only the leader can disband the clan"
"STR_SMP_01000","Только просмотр","View only","View only","View only","Только просмотр","View only","View only","View only","View only","View only","View only","View only","View only","View only"
"STR_SMP_01001","Топ кланов","Top clans","Top clans","Top clans","Топ кланов","Top clans","Top clans","Top clans","Top clans","Top clans","Top clans","Top clans","Top clans","Top clans"
"STR_SMP_01002","Топ кланов: ","Top clans: ","Top clans: ","Top clans: ","Топ кланов: ","Top clans: ","Top clans: ","Top clans: ","Top clans: ","Top clans: ","Top clans: ","Top clans: ","Top clans: ","Top clans: "
"STR_SMP_01003","Топы","Tops","Tops","Tops","Топы","Tops","Tops","Tops","Tops","Tops","Tops","Tops","Tops","Tops"
"STR_SMP_01004","Топы кланов отключены","Clan tops are disabled","Clan tops are disabled","Clan tops are disabled","Топы кланов отключены","Clan tops are disabled","Clan tops are disabled","Clan tops are disabled","Clan tops are disabled","Clan tops are disabled","Clan tops are disabled","Clan tops are disabled","Clan tops are disabled","Clan tops are disabled"
"STR_SMP_01005","Топы сервера","Server tops","Server tops","Server tops","Топы сервера","Server tops","Server tops","Server tops","Server tops","Server tops","Server tops","Server tops","Server tops","Server tops"
"STR_SMP_01006","Торговая точка","Point of sale","Point of sale","Point of sale","Торговая точка","Point of sale","Point of sale","Point of sale","Point of sale","Point of sale","Point of sale","Point of sale","Point of sale","Point of sale"
"STR_SMP_01007","Торговец","Merchant","Merchant","Merchant","Торговец","Merchant","Merchant","Merchant","Merchant","Merchant","Merchant","Merchant","Merchant","Merchant"
"STR_SMP_01008","Торговый дом","Trading house","Trading house","Trading house","Торговый дом","Trading house","Trading house","Trading house","Trading house","Trading house","Trading house","Trading house","Trading house","Trading house"
"STR_SMP_01009","Точка выбрана","Point selected","Point selected","Point selected","Точка выбрана","Point selected","Point selected","Point selected","Point selected","Point selected","Point selected","Point selected","Point selected","Point selected"
"STR_SMP_01010","Точка не выбрана","Point not selected","Point not selected","Point not selected","Точка не выбрана","Point not selected","Point not selected","Point not selected","Point not selected","Point not selected","Point not selected","Point not selected","Point not selected","Point not selected"
"STR_SMP_01011","Точн.","Acc.","Acc.","Acc.","Точн.","Acc.","Acc.","Acc.","Acc.","Acc.","Acc.","Acc.","Acc.","Acc."
"STR_SMP_01012","Точная рука","Precise hand","Precise hand","Precise hand","Точная рука","Precise hand","Precise hand","Precise hand","Precise hand","Precise hand","Precise hand","Precise hand","Precise hand","Precise hand"
"STR_SMP_01013","Точность","Accuracy","Accuracy","Accuracy","Точность","Accuracy","Accuracy","Accuracy","Accuracy","Accuracy","Accuracy","Accuracy","Accuracy","Accuracy"
"STR_SMP_01014","Точные головы","Accurate heads","Accurate heads","Accurate heads","Точные головы","Accurate heads","Accurate heads","Accurate heads","Accurate heads","Accurate heads","Accurate heads","Accurate heads","Accurate heads","Accurate heads"
"STR_SMP_01015","Трейдер","Trader","Trader","Trader","Трейдер","Trader","Trader","Trader","Trader","Trader","Trader","Trader","Trader","Trader"
"STR_SMP_01016","У вашего клана нет привязанной базы","Your clan does not have an associated base","Your clan does not have an associated base","Your clan does not have an associated base","У вашего клана нет привязанной базы","Your clan does not have an associated base","Your clan does not have an associated base","Your clan does not have an associated base","Your clan does not have an associated base","Your clan does not have an associated base","Your clan does not have an associated base","Your clan does not have an associated base","Your clan does not have an associated base","Your clan does not have an associated base"
"STR_SMP_01017","У клана слишком много заявок, попробуйте позже","The clan has too many requests, try again later","The clan has too many requests, try again later","The clan has too many requests, try again later","У клана слишком много заявок, попробуйте позже","The clan has too many requests, try again later","The clan has too many requests, try again later","The clan has too many requests, try again later","The clan has too many requests, try again later","The clan has too many requests, try again later","The clan has too many requests, try again later","The clan has too many requests, try again later","The clan has too many requests, try again later","The clan has too many requests, try again later"
"STR_SMP_01018","Убейте 10 заражённых","Kill 10 infected","Kill 10 infected","Kill 10 infected","Убейте 10 заражённых","Kill 10 infected","Kill 10 infected","Kill 10 infected","Kill 10 infected","Kill 10 infected","Kill 10 infected","Kill 10 infected","Kill 10 infected","Kill 10 infected"
"STR_SMP_01019","Убейте 10 игроков","Kill 10 players","Kill 10 players","Kill 10 players","Убейте 10 игроков","Kill 10 players","Kill 10 players","Kill 10 players","Kill 10 players","Kill 10 players","Kill 10 players","Kill 10 players","Kill 10 players","Kill 10 players"
"STR_SMP_01020","Убейте 100 заражённых","Kill 100 infected","Kill 100 infected","Kill 100 infected","Убейте 100 заражённых","Kill 100 infected","Kill 100 infected","Kill 100 infected","Kill 100 infected","Kill 100 infected","Kill 100 infected","Kill 100 infected","Kill 100 infected","Kill 100 infected"
"STR_SMP_01021","Убейте 100 игроков","Kill 100 players","Kill 100 players","Kill 100 players","Убейте 100 игроков","Kill 100 players","Kill 100 players","Kill 100 players","Kill 100 players","Kill 100 players","Kill 100 players","Kill 100 players","Kill 100 players","Kill 100 players"
"STR_SMP_01022","Убейте 1000 заражённых","Kill 1000 infected","Kill 1000 infected","Kill 1000 infected","Убейте 1000 заражённых","Kill 1000 infected","Kill 1000 infected","Kill 1000 infected","Kill 1000 infected","Kill 1000 infected","Kill 1000 infected","Kill 1000 infected","Kill 1000 infected","Kill 1000 infected"
"STR_SMP_01023","Убейте 25 игроков","Kill 25 players","Kill 25 players","Kill 25 players","Убейте 25 игроков","Kill 25 players","Kill 25 players","Kill 25 players","Kill 25 players","Kill 25 players","Kill 25 players","Kill 25 players","Kill 25 players","Kill 25 players"
"STR_SMP_01024","Убейте 250 заражённых","Kill 250 infected","Kill 250 infected","Kill 250 infected","Убейте 250 заражённых","Kill 250 infected","Kill 250 infected","Kill 250 infected","Kill 250 infected","Kill 250 infected","Kill 250 infected","Kill 250 infected","Kill 250 infected","Kill 250 infected"
"STR_SMP_01025","Убейте 5 игроков","Kill 5 players","Kill 5 players","Kill 5 players","Убейте 5 игроков","Kill 5 players","Kill 5 players","Kill 5 players","Kill 5 players","Kill 5 players","Kill 5 players","Kill 5 players","Kill 5 players","Kill 5 players"
"STR_SMP_01026","Убейте 50 заражённых","Kill 50 infected","Kill 50 infected","Kill 50 infected","Убейте 50 заражённых","Kill 50 infected","Kill 50 infected","Kill 50 infected","Kill 50 infected","Kill 50 infected","Kill 50 infected","Kill 50 infected","Kill 50 infected","Kill 50 infected"
"STR_SMP_01027","Убейте 50 игроков","Kill 50 players","Kill 50 players","Kill 50 players","Убейте 50 игроков","Kill 50 players","Kill 50 players","Kill 50 players","Kill 50 players","Kill 50 players","Kill 50 players","Kill 50 players","Kill 50 players","Kill 50 players"
"STR_SMP_01028","Убейте 500 заражённых","Kill 500 infected","Kill 500 infected","Kill 500 infected","Убейте 500 заражённых","Kill 500 infected","Kill 500 infected","Kill 500 infected","Kill 500 infected","Kill 500 infected","Kill 500 infected","Kill 500 infected","Kill 500 infected","Kill 500 infected"
"STR_SMP_01029","Убейте первого игрока","Kill the first player","Kill the first player","Kill the first player","Убейте первого игрока","Kill the first player","Kill the first player","Kill the first player","Kill the first player","Kill the first player","Kill the first player","Kill the first player","Kill the first player","Kill the first player"
"STR_SMP_01030","Убейте цель с дистанции 100 метров","Kill a target from 100 meters away","Kill a target from 100 meters away","Kill a target from 100 meters away","Убейте цель с дистанции 100 метров","Kill a target from 100 meters away","Kill a target from 100 meters away","Kill a target from 100 meters away","Kill a target from 100 meters away","Kill a target from 100 meters away","Kill a target from 100 meters away","Kill a target from 100 meters away","Kill a target from 100 meters away","Kill a target from 100 meters away"
"STR_SMP_01031","Убейте цель с дистанции 300 метров","Kill a target from 300 meters away","Kill a target from 300 meters away","Kill a target from 300 meters away","Убейте цель с дистанции 300 метров","Kill a target from 300 meters away","Kill a target from 300 meters away","Kill a target from 300 meters away","Kill a target from 300 meters away","Kill a target from 300 meters away","Kill a target from 300 meters away","Kill a target from 300 meters away","Kill a target from 300 meters away","Kill a target from 300 meters away"
"STR_SMP_01032","Убейте цель с дистанции 500 метров","Kill a target from 500 meters away","Kill a target from 500 meters away","Kill a target from 500 meters away","Убейте цель с дистанции 500 метров","Kill a target from 500 meters away","Kill a target from 500 meters away","Kill a target from 500 meters away","Kill a target from 500 meters away","Kill a target from 500 meters away","Kill a target from 500 meters away","Kill a target from 500 meters away","Kill a target from 500 meters away","Kill a target from 500 meters away"
"STR_SMP_01033","Убийства зомби","Zombie kills","Zombie kills","Zombie kills","Убийства зомби","Zombie kills","Zombie kills","Zombie kills","Zombie kills","Zombie kills","Zombie kills","Zombie kills","Zombie kills","Zombie kills"
"STR_SMP_01034","Убийства игроков","Player kills","Player kills","Player kills","Убийства игроков","Player kills","Player kills","Player kills","Player kills","Player kills","Player kills","Player kills","Player kills","Player kills"
"STR_SMP_01035","убийство игрока","killing a player","killing a player","killing a player","убийство игрока","killing a player","killing a player","killing a player","killing a player","killing a player","killing a player","killing a player","killing a player","killing a player"
"STR_SMP_01036","Удалить","Delete","Delete","Delete","Удалить","Delete","Delete","Delete","Delete","Delete","Delete","Delete","Delete","Delete"
"STR_SMP_01037","Удалить выбранный","Delete selected","Delete selected","Delete selected","Удалить выбранный","Delete selected","Delete selected","Delete selected","Delete selected","Delete selected","Delete selected","Delete selected","Delete selected","Delete selected"
"STR_SMP_01038","Укажите ник или SteamID64","Enter your nickname or SteamID64","Enter your nickname or SteamID64","Enter your nickname or SteamID64","Укажите ник или SteamID64","Enter your nickname or SteamID64","Enter your nickname or SteamID64","Enter your nickname or SteamID64","Enter your nickname or SteamID64","Enter your nickname or SteamID64","Enter your nickname or SteamID64","Enter your nickname or SteamID64","Enter your nickname or SteamID64","Enter your nickname or SteamID64"
"STR_SMP_01039","Управлять Discord webhook","Manage Discord webhook","Manage Discord webhook","Manage Discord webhook","Управлять Discord webhook","Manage Discord webhook","Manage Discord webhook","Manage Discord webhook","Manage Discord webhook","Manage Discord webhook","Manage Discord webhook","Manage Discord webhook","Manage Discord webhook","Manage Discord webhook"
"STR_SMP_01040","Ур. ","Lv. ","Lv. ","Lv. ","Ур. ","Lv. ","Lv. ","Lv. ","Lv. ","Lv. ","Lv. ","Lv. ","Lv. ","Lv. "
"STR_SMP_01041","Уровень клана — лестница развития","Clan level - development ladder","Clan level - development ladder","Clan level - development ladder","Уровень клана — лестница развития","Clan level - development ladder","Clan level - development ladder","Clan level - development ladder","Clan level - development ladder","Clan level - development ladder","Clan level - development ladder","Clan level - development ladder","Clan level - development ladder","Clan level - development ladder"
"STR_SMP_01042","Уровень клана: ","Clan level: ","Clan level: ","Clan level: ","Уровень клана: ","Clan level: ","Clan level: ","Clan level: ","Clan level: ","Clan level: ","Clan level: ","Clan level: ","Clan level: ","Clan level: "
"STR_SMP_01043","Условие скрыто до выполнения.","The condition is hidden until executed.","The condition is hidden until executed.","The condition is hidden until executed.","Условие скрыто до выполнения.","The condition is hidden until executed.","The condition is hidden until executed.","The condition is hidden until executed.","The condition is hidden until executed.","The condition is hidden until executed.","The condition is hidden until executed.","The condition is hidden until executed.","The condition is hidden until executed.","The condition is hidden until executed."
"STR_SMP_01044","Финансовая крепость","Financial fortress","Financial fortress","Financial fortress","Финансовая крепость","Financial fortress","Financial fortress","Financial fortress","Financial fortress","Financial fortress","Financial fortress","Financial fortress","Financial fortress","Financial fortress"
"STR_SMP_01045","Флагшток привязан как база клана. Теперь склад доступен здесь","The flagpole is linked as the clan base. The storage is now available here","The flagpole is linked as the clan base. The storage is now available here","The flagpole is linked as the clan base. The storage is now available here","Флагшток привязан как база клана. Теперь склад доступен здесь","The flagpole is linked as the clan base. The storage is now available here","The flagpole is linked as the clan base. The storage is now available here","The flagpole is linked as the clan base. The storage is now available here","The flagpole is linked as the clan base. The storage is now available here","The flagpole is linked as the clan base. The storage is now available here","The flagpole is linked as the clan base. The storage is now available here","The flagpole is linked as the clan base. The storage is now available here","The flagpole is linked as the clan base. The storage is now available here","The flagpole is linked as the clan base. The storage is now available here"
"STR_SMP_01046","Хеды","Heads","Heads","Heads","Хеды","Heads","Heads","Heads","Heads","Heads","Heads","Heads","Heads","Heads"
"STR_SMP_01047","Хладнокровные","Cold Blooded","Cold Blooded","Cold Blooded","Хладнокровные","Cold Blooded","Cold Blooded","Cold Blooded","Cold Blooded","Cold Blooded","Cold Blooded","Cold Blooded","Cold Blooded","Cold Blooded"
"STR_SMP_01048","Холодный расчёт","Cold calculation","Cold calculation","Cold calculation","Холодный расчёт","Cold calculation","Cold calculation","Cold calculation","Cold calculation","Cold calculation","Cold calculation","Cold calculation","Cold calculation","Cold calculation"
"STR_SMP_01049","Цвет клана","Clan color","Clan color","Clan color","Цвет клана","Clan color","Clan color","Clan color","Clan color","Clan color","Clan color","Clan color","Clan color","Clan color"
"STR_SMP_01050","Цвет метки:","Label Color:","Label Color:","Label Color:","Цвет метки:","Label Color:","Label Color:","Label Color:","Label Color:","Label Color:","Label Color:","Label Color:","Label Color:","Label Color:"
"STR_SMP_01051","Цвет:","Color:","Color:","Color:","Цвет:","Color:","Color:","Color:","Color:","Color:","Color:","Color:","Color:","Color:"
"STR_SMP_01052","Цели онлайн","Goals online","Goals online","Goals online","Цели онлайн","Goals online","Goals online","Goals online","Goals online","Goals online","Goals online","Goals online","Goals online","Goals online"
"STR_SMP_01053","Цель","Goal","Goal","Goal","Цель","Goal","Goal","Goal","Goal","Goal","Goal","Goal","Goal","Goal"
"STR_SMP_01054","Цель / предмет","Purpose/item","Purpose/item","Purpose/item","Цель / предмет","Purpose/item","Purpose/item","Purpose/item","Purpose/item","Purpose/item","Purpose/item","Purpose/item","Purpose/item","Purpose/item"
"STR_SMP_01055","Цель сейчас не онлайн","The target is currently offline","The target is currently offline","The target is currently offline","Цель сейчас не онлайн","The target is currently offline","The target is currently offline","The target is currently offline","The target is currently offline","The target is currently offline","The target is currently offline","The target is currently offline","The target is currently offline","The target is currently offline"
"STR_SMP_01056","Цель: ","Goal: ","Goal: ","Goal: ","Цель: ","Goal: ","Goal: ","Goal: ","Goal: ","Goal: ","Goal: ","Goal: ","Goal: ","Goal: "
"STR_SMP_01057","Цельтесь в землю или объект","Aim at the ground or object","Aim at the ground or object","Aim at the ground or object","Цельтесь в землю или объект","Aim at the ground or object","Aim at the ground or object","Aim at the ground or object","Aim at the ground or object","Aim at the ground or object","Aim at the ground or object","Aim at the ground or object","Aim at the ground or object","Aim at the ground or object"
"STR_SMP_01058","Цена","Price","Price","Price","Цена","Price","Price","Price","Price","Price","Price","Price","Price","Price"
"STR_SMP_01059","Цена: ","Price: ","Price: ","Price: ","Цена: ","Price: ","Price: ","Price: ","Price: ","Price: ","Price: ","Price: ","Price: ","Price: "
"STR_SMP_01060","Цена: от 1 до ","Price: from 1 to ","Price: from 1 to ","Price: from 1 to ","Цена: от 1 до ","Price: from 1 to ","Price: from 1 to ","Price: from 1 to ","Price: from 1 to ","Price: from 1 to ","Price: from 1 to ","Price: from 1 to ","Price: from 1 to ","Price: from 1 to "
"STR_SMP_01061","ч","h","h","h","ч","h","h","h","h","h","h","h","h","h"
"STR_SMP_01062","ч ","h ","h ","h ","ч ","h ","h ","h ","h ","h ","h ","h ","h ","h "
"STR_SMP_01063","Чат","Chat","Chat","Chat","Чат","Chat","Chat","Chat","Chat","Chat","Chat","Chat","Chat","Chat"
"STR_SMP_01064","Чат выключен","Chat is turned off","Chat is turned off","Chat is turned off","Чат выключен","Chat is turned off","Chat is turned off","Chat is turned off","Chat is turned off","Chat is turned off","Chat is turned off","Chat is turned off","Chat is turned off","Chat is turned off"
"STR_SMP_01065","Чат заблокирован на ","Chat is blocked on ","Chat is blocked on ","Chat is blocked on ","Чат заблокирован на ","Chat is blocked on ","Chat is blocked on ","Chat is blocked on ","Chat is blocked on ","Chat is blocked on ","Chat is blocked on ","Chat is blocked on ","Chat is blocked on ","Chat is blocked on "
"STR_SMP_01066","Чат заблокирован. Осталось: ","Chat is blocked. Remaining: ","Chat is blocked. Remaining: ","Chat is blocked. Remaining: ","Чат заблокирован. Осталось: ","Chat is blocked. Remaining: ","Chat is blocked. Remaining: ","Chat is blocked. Remaining: ","Chat is blocked. Remaining: ","Chat is blocked. Remaining: ","Chat is blocked. Remaining: ","Chat is blocked. Remaining: ","Chat is blocked. Remaining: ","Chat is blocked. Remaining: "
"STR_SMP_01067","Через всю карту","Across the entire map","Across the entire map","Across the entire map","Через всю карту","Across the entire map","Across the entire map","Across the entire map","Across the entire map","Across the entire map","Across the entire map","Across the entire map","Across the entire map","Across the entire map"
"STR_SMP_01068","Через поле","Through the field","Through the field","Through the field","Через поле","Through the field","Through the field","Through the field","Through the field","Through the field","Through the field","Through the field","Through the field","Through the field"
"STR_SMP_01069","Чистая карта","Blank card","Blank card","Blank card","Чистая карта","Blank card","Blank card","Blank card","Blank card","Blank card","Blank card","Blank card","Blank card","Blank card"
"STR_SMP_01070","Чистильщик","Cleaner","Cleaner","Cleaner","Чистильщик","Cleaner","Cleaner","Cleaner","Cleaner","Cleaner","Cleaner","Cleaner","Cleaner","Cleaner"
"STR_SMP_01071","Шаг:","Step:","Step:","Step:","Шаг:","Step:","Step:","Step:","Step:","Step:","Step:","Step:","Step:","Step:"
"STR_SMP_01072","Шаги","Steps","Steps","Steps","Шаги","Steps","Steps","Steps","Steps","Steps","Steps","Steps","Steps","Steps"
"STR_SMP_01073","ЭКОНОМИКА","ECONOMY","ECONOMY","ECONOMY","ЭКОНОМИКА","ECONOMY","ECONOMY","ECONOMY","ECONOMY","ECONOMY","ECONOMY","ECONOMY","ECONOMY","ECONOMY"
"STR_SMP_01074","Это не контракт поиска","This is not a search contract","This is not a search contract","This is not a search contract","Это не контракт поиска","This is not a search contract","This is not a search contract","This is not a search contract","This is not a search contract","This is not a search contract","This is not a search contract","This is not a search contract","This is not a search contract","This is not a search contract"
"STR_SMP_01075","Этот контракт вам недоступен","This contract is not available to you","This contract is not available to you","This contract is not available to you","Этот контракт вам недоступен","This contract is not available to you","This contract is not available to you","This contract is not available to you","This contract is not available to you","This contract is not available to you","This contract is not available to you","This contract is not available to you","This contract is not available to you","This contract is not available to you"
"STR_SMP_01076","Этот предмет не разрешён в конфиге","This item is not allowed in the config","This item is not allowed in the config","This item is not allowed in the config","Этот предмет не разрешён в конфиге","This item is not allowed in the config","This item is not allowed in the config","This item is not allowed in the config","This item is not allowed in the config","This item is not allowed in the config","This item is not allowed in the config","This item is not allowed in the config","This item is not allowed in the config","This item is not allowed in the config"
"STR_SMP_01077","Этот предмет нельзя выставлять","This item cannot be displayed","This item cannot be displayed","This item cannot be displayed","Этот предмет нельзя выставлять","This item cannot be displayed","This item cannot be displayed","This item cannot be displayed","This item cannot be displayed","This item cannot be displayed","This item cannot be displayed","This item cannot be displayed","This item cannot be displayed","This item cannot be displayed"
"STR_SMP_01078","Этот предмет нельзя класть на склад","This item cannot be stored in storage.","This item cannot be stored in storage.","This item cannot be stored in storage.","Этот предмет нельзя класть на склад","This item cannot be stored in storage.","This item cannot be stored in storage.","This item cannot be stored in storage.","This item cannot be stored in storage.","This item cannot be stored in storage.","This item cannot be stored in storage.","This item cannot be stored in storage.","This item cannot be stored in storage.","This item cannot be stored in storage."
"STR_SMP_01079","Этот предмет нельзя продавать","This item cannot be sold","This item cannot be sold","This item cannot be sold","Этот предмет нельзя продавать","This item cannot be sold","This item cannot be sold","This item cannot be sold","This item cannot be sold","This item cannot be sold","This item cannot be sold","This item cannot be sold","This item cannot be sold","This item cannot be sold"
"STR_SMP_01080","Этот слот доступен с уровня клана ","This slot is available from the clan level ","This slot is available from the clan level ","This slot is available from the clan level ","Этот слот доступен с уровня клана ","This slot is available from the clan level ","This slot is available from the clan level ","This slot is available from the clan level ","This slot is available from the clan level ","This slot is available from the clan level ","This slot is available from the clan level ","This slot is available from the clan level ","This slot is available from the clan level ","This slot is available from the clan level "
"STR_SMP_01081","Этот слот закрыт настройками сервера","This slot is closed by server settings","This slot is closed by server settings","This slot is closed by server settings","Этот слот закрыт настройками сервера","This slot is closed by server settings","This slot is closed by server settings","This slot is closed by server settings","This slot is closed by server settings","This slot is closed by server settings","This slot is closed by server settings","This slot is closed by server settings","This slot is closed by server settings","This slot is closed by server settings"
"STR_SMP_01082","Этот флагшток уже является базой вашего клана","This flagpole is already your clan's base","This flagpole is already your clan's base","This flagpole is already your clan's base","Этот флагшток уже является базой вашего клана","This flagpole is already your clan's base","This flagpole is already your clan's base","This flagpole is already your clan's base","This flagpole is already your clan's base","This flagpole is already your clan's base","This flagpole is already your clan's base","This flagpole is already your clan's base","This flagpole is already your clan's base","This flagpole is already your clan's base"
"STR_SMP_01083","Этот флагшток уже является базой другого клана","This flagpole is already the base of another clan","This flagpole is already the base of another clan","This flagpole is already the base of another clan","Этот флагшток уже является базой другого клана","This flagpole is already the base of another clan","This flagpole is already the base of another clan","This flagpole is already the base of another clan","This flagpole is already the base of another clan","This flagpole is already the base of another clan","This flagpole is already the base of another clan","This flagpole is already the base of another clan","This flagpole is already the base of another clan","This flagpole is already the base of another clan"
"STR_SMP_01084","Ю","S","S","S","Ю","S","S","S","S","S","S","S","S","S"
"STR_SMP_01085","ЮВ","SE","SE","SE","ЮВ","SE","SE","SE","SE","SE","SE","SE","SE","SE"
"STR_SMP_01086","ЮЗ","SW","SW","SW","ЮЗ","SW","SW","SW","SW","SW","SW","SW","SW","SW"
"STR_SMP_01087","Обычная","Default","Default","Default","Обычная","Default","Default","Default","Default","Default","Default","Default","Default","Default"
"STR_SMP_01088","База","Base","Base","Base","База","Base","Base","Base","Base","Base","Base","Base","Base","Base"
"STR_SMP_01089","Опасность","Danger","Danger","Danger","Опасность","Danger","Danger","Danger","Danger","Danger","Danger","Danger","Danger","Danger"
"STR_SMP_01090","Враг","Enemy","Enemy","Enemy","Враг","Enemy","Enemy","Enemy","Enemy","Enemy","Enemy","Enemy","Enemy","Enemy"
"STR_SMP_01091","Лут","Loot","Loot","Loot","Лут","Loot","Loot","Loot","Loot","Loot","Loot","Loot","Loot","Loot"
"STR_SMP_01092","Медицина","Medical","Medical","Medical","Медицина","Medical","Medical","Medical","Medical","Medical","Medical","Medical","Medical","Medical"
"STR_SMP_01093","Транспорт","Vehicle","Vehicle","Vehicle","Транспорт","Vehicle","Vehicle","Vehicle","Vehicle","Vehicle","Vehicle","Vehicle","Vehicle","Vehicle"
"STR_SMP_01094","Топливо","Fuel","Fuel","Fuel","Топливо","Fuel","Fuel","Fuel","Fuel","Fuel","Fuel","Fuel","Fuel","Fuel"
"STR_SMP_01095","Иконка","Icon","Icon","Icon","Иконка","Icon","Icon","Icon","Icon","Icon","Icon","Icon","Icon","Icon"
"STR_SMP_01096","Кар-дроп","Car drop","Car drop","Car drop","Кар-дроп","Car drop","Car drop","Car drop","Car drop","Car drop","Car drop","Car drop","Car drop","Car drop"
"STR_SMP_01097","Аирдроп","Airdrop","Airdrop","Airdrop","Аирдроп","Airdrop","Airdrop","Airdrop","Airdrop","Airdrop","Airdrop","Airdrop","Airdrop","Airdrop"
"STR_SMP_01098","Конвой","Convoy","Convoy","Convoy","Конвой","Convoy","Convoy","Convoy","Convoy","Convoy","Convoy","Convoy","Convoy","Convoy"
"STR_SMP_01099","Смерть","Death","Death","Death","Смерть","Death","Death","Death","Death","Death","Death","Death","Death","Death"
"STR_SMP_01100","Место смерти","Death spot","Death spot","Death spot","Место смерти","Death spot","Death spot","Death spot","Death spot","Death spot","Death spot","Death spot","Death spot","Death spot"
"STR_SMP_01101","Смерть: ","Death: ","Death: ","Death: ","Смерть: ","Death: ","Death: ","Death: ","Death: ","Death: ","Death: ","Death: ","Death: ","Death: "
"STR_SMP_01102","Нашел: ","Found: ","Found: ","Found: ","Нашел: ","Found: ","Found: ","Found: ","Found: ","Found: ","Found: ","Found: ","Found: ","Found: "
"STR_SMP_01103","нашел ","found ","found ","found ","нашел ","found ","found ","found ","found ","found ","found ","found ","found ","found "
"STR_SMP_01104","Транспорт: ","Vehicle: ","Vehicle: ","Vehicle: ","Транспорт: ","Vehicle: ","Vehicle: ","Vehicle: ","Vehicle: ","Vehicle: ","Vehicle: ","Vehicle: ","Vehicle: ","Vehicle: "
"STR_SMP_01105","нашел транспорт ","found vehicle ","found vehicle ","found vehicle ","нашел транспорт ","found vehicle ","found vehicle ","found vehicle ","found vehicle ","found vehicle ","found vehicle ","found vehicle ","found vehicle ","found vehicle "
"STR_SMP_01106","Тело: ","Body: ","Body: ","Body: ","Тело: ","Body: ","Body: ","Body: ","Body: ","Body: ","Body: ","Body: ","Body: ","Body: "
"STR_SMP_01107","нашел тело ","found body ","found body ","found body ","нашел тело ","found body ","found body ","found body ","found body ","found body ","found body ","found body ","found body ","found body "
"STR_SMP_01108","Игрок","Player","Player","Player","Игрок","Player","Player","Player","Player","Player","Player","Player","Player","Player"
"STR_SMP_01109","Вкл/выкл 3D метки","Toggle 3D markers","Toggle 3D markers","Toggle 3D markers","Вкл/выкл 3D метки","Toggle 3D markers","Toggle 3D markers","Toggle 3D markers","Toggle 3D markers","Toggle 3D markers","Toggle 3D markers","Toggle 3D markers","Toggle 3D markers","Toggle 3D markers"
"STR_SMP_01110","3D метки включены","3D markers enabled","3D markers enabled","3D markers enabled","3D метки включены","3D markers enabled","3D markers enabled","3D markers enabled","3D markers enabled","3D markers enabled","3D markers enabled","3D markers enabled","3D markers enabled","3D markers enabled"
"STR_SMP_01111","3D метки скрыты","3D markers hidden","3D markers hidden","3D markers hidden","3D метки скрыты","3D markers hidden","3D markers hidden","3D markers hidden","3D markers hidden","3D markers hidden","3D markers hidden","3D markers hidden","3D markers hidden","3D markers hidden"
"STR_SMP_01112","Состояние: ","Condition: ","Condition: ","Condition: ","Состояние: ","Condition: ","Condition: ","Condition: ","Condition: ","Condition: ","Condition: ","Condition: ","Condition: ","Condition: "
"STR_SMP_01113","Вложения: ","Attachments: ","Attachments: ","Attachments: ","Вложения: ","Attachments: ","Attachments: ","Attachments: ","Attachments: ","Attachments: ","Attachments: ","Attachments: ","Attachments: ","Attachments: "
"STR_SMP_01114","Кол-во: ","Qty: ","Qty: ","Qty: ","Кол-во: ","Qty: ","Qty: ","Qty: ","Qty: ","Qty: ","Qty: ","Qty: ","Qty: ","Qty: "
"STR_SMP_01115","Цена: ","Price: ","Price: ","Price: ","Цена: ","Price: ","Price: ","Price: ","Price: ","Price: ","Price: ","Price: ","Price: ","Price: "
"STR_SMP_01116","Клан: ","Clan: ","Clan: ","Clan: ","Клан: ","Clan: ","Clan: ","Clan: ","Clan: ","Clan: ","Clan: ","Clan: ","Clan: ","Clan: "
"STR_SMP_01117","Продавец: ","Seller: ","Seller: ","Seller: ","Продавец: ","Seller: ","Seller: ","Seller: ","Seller: ","Seller: ","Seller: ","Seller: ","Seller: ","Seller: "
"STR_SMP_01118","Дата: ","Date: ","Date: ","Date: ","Дата: ","Date: ","Date: ","Date: ","Date: ","Date: ","Date: ","Date: ","Date: ","Date: "
"STR_SMP_01119","Осталось: ","Left: ","Left: ","Left: ","Осталось: ","Left: ","Left: ","Left: ","Left: ","Left: ","Left: ","Left: ","Left: ","Left: "
"STR_SMP_01120","Лимит: ","Limit: ","Limit: ","Limit: ","Лимит: ","Limit: ","Limit: ","Limit: ","Limit: ","Limit: ","Limit: ","Limit: ","Limit: ","Limit: "
"STR_SMP_01121","Обновл.: ","Refresh: ","Refresh: ","Refresh: ","Обновл.: ","Refresh: ","Refresh: ","Refresh: ","Refresh: ","Refresh: ","Refresh: ","Refresh: ","Refresh: ","Refresh: "
"STR_SMP_01122","Старт: ","Start: ","Start: ","Start: ","Старт: ","Start: ","Start: ","Start: ","Start: ","Start: ","Start: ","Start: ","Start: ","Start: "
"STR_SMP_01123","Шаг: ","Step: ","Step: ","Step: ","Шаг: ","Step: ","Step: ","Step: ","Step: ","Step: ","Step: ","Step: ","Step: ","Step: "
"STR_SMP_01124","Ставка: ","Bid: ","Bid: ","Bid: ","Ставка: ","Bid: ","Bid: ","Bid: ","Bid: ","Bid: ","Bid: ","Bid: ","Bid: ","Bid: "
"STR_SMP_01125","Ставка от: ","Bidder: ","Bidder: ","Bidder: ","Ставка от: ","Bidder: ","Bidder: ","Bidder: ","Bidder: ","Bidder: ","Bidder: ","Bidder: ","Bidder: ","Bidder: "
"STR_SMP_01126","След.: ","Next: ","Next: ","Next: ","След.: ","Next: ","Next: ","Next: ","Next: ","Next: ","Next: ","Next: ","Next: ","Next: "
"STR_SMP_01127","Время: ","Time: ","Time: ","Time: ","Время: ","Time: ","Time: ","Time: ","Time: ","Time: ","Time: ","Time: ","Time: ","Time: "
"STR_SMP_01128","Положил: ","Depositor: ","Depositor: ","Depositor: ","Положил: ","Depositor: ","Depositor: ","Depositor: ","Depositor: ","Depositor: ","Depositor: ","Depositor: ","Depositor: ","Depositor: "
"STR_SMP_01129","Лимит: без огранич.","Limit: no limit","Limit: no limit","Limit: no limit","Лимит: без огранич.","Limit: no limit","Limit: no limit","Limit: no limit","Limit: no limit","Limit: no limit","Limit: no limit","Limit: no limit","Limit: no limit","Limit: no limit"
"STR_SMP_01130","Эта операция доступна только в торговой зоне.","This action is available only in a trade zone.","This action is available only in a trade zone.","This action is available only in a trade zone.","Эта операция доступна только в торговой зоне.","This action is available only in a trade zone.","This action is available only in a trade zone.","This action is available only in a trade zone.","This action is available only in a trade zone.","This action is available only in a trade zone.","This action is available only in a trade zone.","This action is available only in a trade zone.","This action is available only in a trade zone.","This action is available only in a trade zone."
"STR_SMP_01131","Предмет можно забрать через ","The item can be claimed in ","The item can be claimed in ","The item can be claimed in ","Предмет можно забрать через ","The item can be claimed in ","The item can be claimed in ","The item can be claimed in ","The item can be claimed in ","The item can be claimed in ","The item can be claimed in ","The item can be claimed in ","The item can be claimed in ","The item can be claimed in "
"STR_SMP_01132","Лот можно снять через ","The lot can be removed in ","The lot can be removed in ","The lot can be removed in ","Лот можно снять через ","The lot can be removed in ","The lot can be removed in ","The lot can be removed in ","The lot can be removed in ","The lot can be removed in ","The lot can be removed in ","The lot can be removed in ","The lot can be removed in ","The lot can be removed in "
"STR_SMP_01135","Предмет отправлен на возврат. Забрать можно через ","The item was queued for return. Claim it in ","The item was queued for return. Claim it in ","The item was queued for return. Claim it in ","Предмет отправлен на возврат. Забрать можно через ","The item was queued for return. Claim it in ","The item was queued for return. Claim it in ","The item was queued for return. Claim it in ","The item was queued for return. Claim it in ","The item was queued for return. Claim it in ","The item was queued for return. Claim it in ","The item was queued for return. Claim it in ","The item was queued for return. Claim it in ","The item was queued for return. Claim it in "
"STR_SMP_01137","Не хватает денег на штраф снятия: ","Not enough money for removal penalty: ","Not enough money for removal penalty: ","Not enough money for removal penalty: ","Не хватает денег на штраф снятия: ","Not enough money for removal penalty: ","Not enough money for removal penalty: ","Not enough money for removal penalty: ","Not enough money for removal penalty: ","Not enough money for removal penalty: ","Not enough money for removal penalty: ","Not enough money for removal penalty: ","Not enough money for removal penalty: ","Not enough money for removal penalty: "
"STR_SMP_01139","Предмет ожидает в торговой зоне.","The item is waiting in a trade zone.","The item is waiting in a trade zone.","The item is waiting in a trade zone.","Предмет ожидает в торговой зоне.","The item is waiting in a trade zone.","The item is waiting in a trade zone.","The item is waiting in a trade zone.","The item is waiting in a trade zone.","The item is waiting in a trade zone.","The item is waiting in a trade zone.","The item is waiting in a trade zone.","The item is waiting in a trade zone.","The item is waiting in a trade zone."
